label,binned_values,number_of_bins,probabilities
Slc1a2,"[2, 4, 5, 3, 1, 2, 5, 2, 2, 2, 4, 3, 7, 2, 2, 5, 4, 7, 1, 2, 2, 4, 1, 2, 2, 1, 5, 1, 2, 7, 4, 2, 2, 3, 3, 2, 7, 4, 3, 5, 1, 6, 2, 2, 1, 1, 2, 5, 2, 6, 2, 2, 7, 2, 6, 2, 2, 5, 1, 2, 1, 3, 3, 3, 7, 5, 2, 3, 1, 2, 3, 1, 4, 2, 3, 2, 4, 6, 2, 1, 2, 5, 4, 1, 5, 1, 1, 4, 1, 3, 5, 5, 3, 3, 5, 2, 6, 1, 6, 3, 3, 1, 3, 3, 5, 2, 2, 3, 5, 4, 4, 4, 2, 1, 5, 4, 2, 1, 5, 4, 1, 5, 2, 2, 3, 5, 5, 2, 2, 6, 2, 2, 3, 4, 4, 2, 1, 1, 1, 1, 2, 1, 1, 2, 1, 2, 2, 6, 4, 2, 2, 7, 1, 5, 6, 4, 5, 3, 3, 2, 2, 2, 2, 6, 6, 3, 3, 3, 2, 1, 4, 2, 2, 1, 2, 3, 1, 2, 1, 1, 4, 2, 3, 1, 3, 2, 2, 7, 3, 3, 4, 2, 3, 2, 1, 1, 7, 5, 2, 6]",7,"[0.19, 0.32, 0.16, 0.11, 0.115, 0.06, 0.045]"
Ndrg2,"[1, 1, 2, 1, 2, 1, 3, 1, 1, 1, 1, 1, 3, 1, 1, 2, 1, 4, 1, 2, 1, 1, 1, 3, 1, 1, 1, 1, 1, 4, 1, 3, 1, 2, 1, 2, 4, 1, 1, 1, 1, 3, 1, 2, 1, 1, 1, 1, 1, 4, 1, 1, 4, 1, 3, 1, 1, 3, 1, 1, 2, 1, 1, 2, 4, 1, 2, 1, 1, 1, 3, 1, 1, 1, 1, 1, 1, 1, 2, 1, 1, 1, 1, 1, 1, 1, 1, 1, 1, 1, 3, 3, 1, 1, 3, 1, 4, 1, 4, 1, 1, 1, 1, 1, 1, 1, 1, 2, 1, 1, 1, 1, 1, 1, 4, 1, 1, 1, 1, 2, 1, 3, 1, 2, 2, 2, 1, 1, 1, 3, 1, 1, 1, 3, 1, 1, 1, 2, 1, 1, 1, 1, 1, 1, 1, 1, 1, 3, 2, 1, 1, 4, 2, 1, 3, 1, 1, 1, 1, 1, 1, 1, 1, 3, 4, 1, 1, 2, 2, 1, 2, 1, 1, 1, 1, 1, 1, 1, 1, 1, 1, 1, 1, 1, 1, 1, 1, 4, 2, 1, 1, 1, 1, 1, 2, 1, 4, 2, 1, 2]",4,"[0.72, 0.13, 0.085, 0.065]"
Hapln1,"[1, 1, 1, 1, 1, 1, 1, 1, 1, 4, 1, 2, 2, 1, 1, 1, 1, 1, 2, 1, 1, 1, 1, 1, 1, 1, 1, 1, 1, 2, 4, 1, 1, 2, 1, 1, 1, 1, 2, 2, 1, 1, 1, 2, 1, 1, 4, 1, 1, 3, 1, 2, 1, 1, 3, 1, 1, 1, 1, 1, 1, 3, 1, 4, 2, 1, 4, 1, 1, 1, 1, 1, 1, 1, 1, 1, 1, 2, 1, 1, 1, 1, 1, 1, 1, 1, 1, 1, 1, 1, 2, 2, 1, 1, 4, 1, 1, 1, 1, 3, 1, 1, 1, 1, 1, 1, 1, 1, 3, 1, 1, 1, 1, 1, 2, 1, 1, 1, 1, 3, 1, 3, 1, 1, 1, 1, 4, 1, 1, 3, 1, 1, 1, 1, 1, 1, 1, 1, 1, 1, 1, 1, 1, 2, 1, 1, 1, 4, 2, 1, 4, 2, 1, 3, 2, 4, 1, 1, 1, 1, 1, 1, 1, 1, 2, 1, 1, 1, 4, 1, 1, 1, 1, 1, 1, 1, 3, 1, 1, 1, 1, 1, 1, 1, 1, 1, 1, 3, 2, 1, 1, 1, 1, 1, 1, 1, 3, 1, 1, 2]",4,"[0.78, 0.105, 0.06, 0.055]"
Lix1,"[2, 3, 1, 3, 1, 1, 2, 3, 1, 3, 3, 1, 2, 4, 1, 3, 2, 2, 1, 1, 1, 1, 1, 1, 2, 1, 1, 1, 1, 3, 3, 2, 2, 3, 1, 2, 3, 1, 1, 1, 1, 2, 3, 2, 1, 1, 1, 4, 1, 3, 2, 3, 1, 1, 3, 1, 2, 1, 1, 2, 1, 1, 1, 2, 2, 3, 1, 1, 1, 3, 3, 1, 3, 1, 3, 1, 3, 3, 1, 1, 1, 4, 1, 1, 3, 1, 1, 3, 2, 1, 2, 2, 1, 3, 2, 1, 1, 1, 3, 1, 3, 1, 1, 1, 3, 1, 1, 1, 2, 1, 4, 1, 2, 1, 1, 2, 3, 1, 3, 2, 1, 3, 2, 1, 4, 2, 1, 3, 4, 3, 1, 1, 1, 2, 3, 2, 1, 1, 1, 2, 1, 1, 1, 1, 1, 1, 2, 1, 1, 4, 1, 4, 1, 3, 1, 4, 3, 2, 3, 2, 3, 1, 1, 2, 1, 3, 1, 1, 1, 1, 1, 1, 1, 2, 1, 2, 3, 1, 1, 1, 2, 2, 3, 1, 4, 2, 2, 2, 1, 1, 4, 1, 3, 2, 1, 1, 3, 1, 1, 2]",4,"[0.525, 0.21, 0.21, 0.055]"
Dclk1,"[3, 3, 2, 4, 2, 1, 2, 4, 2, 4, 3, 2, 2, 3, 3, 2, 3, 2, 4, 1, 1, 1, 1, 1, 4, 1, 2, 1, 1, 2, 4, 2, 3, 3, 3, 3, 2, 1, 3, 4, 1, 2, 3, 5, 1, 1, 2, 4, 1, 3, 3, 3, 3, 3, 2, 1, 4, 2, 1, 4, 1, 3, 4, 3, 2, 2, 4, 2, 1, 2, 4, 1, 4, 2, 4, 1, 2, 2, 1, 1, 3, 3, 2, 1, 4, 3, 1, 5, 3, 2, 2, 2, 2, 3, 4, 1, 2, 1, 1, 4, 3, 1, 4, 1, 4, 2, 1, 1, 4, 3, 4, 3, 1, 1, 3, 3, 4, 3, 4, 3, 1, 2, 3, 2, 3, 5, 3, 2, 3, 1, 1, 3, 2, 2, 2, 3, 1, 4, 2, 3, 1, 1, 1, 4, 1, 1, 3, 2, 1, 3, 4, 2, 2, 2, 3, 4, 4, 3, 5, 3, 4, 1, 1, 2, 2, 2, 1, 3, 5, 1, 2, 2, 1, 2, 3, 1, 3, 3, 1, 1, 5, 1, 4, 1, 4, 2, 3, 2, 5, 3, 4, 1, 3, 4, 1, 1, 3, 2, 1, 2]",5,"[0.285, 0.255, 0.255, 0.17, 0.035]"
Src,"[2, 2, 2, 4, 1, 3, 3, 3, 1, 4, 4, 1, 2, 1, 1, 3, 1, 1, 5, 1, 2, 1, 1, 1, 3, 1, 4, 1, 1, 1, 3, 1, 3, 5, 2, 1, 1, 1, 1, 4, 2, 2, 2, 3, 2, 1, 1, 5, 1, 3, 3, 4, 2, 3, 2, 1, 2, 1, 1, 1, 1, 3, 4, 3, 3, 2, 2, 2, 2, 3, 3, 1, 4, 1, 1, 1, 3, 1, 2, 1, 1, 1, 2, 1, 4, 3, 1, 3, 1, 3, 2, 1, 3, 3, 3, 3, 2, 1, 3, 3, 2, 1, 3, 1, 2, 1, 1, 1, 1, 4, 4, 2, 1, 1, 1, 3, 3, 2, 4, 3, 1, 2, 3, 3, 2, 4, 3, 3, 2, 3, 1, 3, 1, 2, 4, 2, 2, 3, 1, 2, 1, 1, 1, 4, 1, 1, 3, 3, 1, 2, 2, 2, 1, 2, 1, 5, 4, 4, 5, 1, 5, 1, 1, 3, 2, 1, 1, 3, 3, 1, 2, 4, 1, 1, 2, 1, 3, 2, 1, 3, 5, 2, 1, 1, 3, 2, 3, 2, 2, 2, 3, 1, 3, 1, 1, 1, 1, 3, 1, 1]",5,"[0.405, 0.225, 0.245, 0.09, 0.035]"
Slc6a1,"[4, 1, 1, 1, 1, 1, 2, 5, 1, 5, 4, 4, 3, 1, 1, 3, 1, 1, 4, 1, 1, 1, 1, 1, 3, 1, 4, 1, 1, 3, 4, 4, 2, 3, 1, 2, 3, 1, 4, 4, 1, 3, 1, 5, 2, 1, 4, 1, 1, 4, 1, 4, 1, 1, 4, 2, 1, 3, 1, 1, 1, 4, 1, 5, 3, 3, 4, 1, 1, 4, 4, 1, 1, 1, 2, 1, 4, 4, 1, 1, 5, 4, 3, 1, 1, 1, 1, 1, 4, 1, 3, 3, 3, 1, 4, 2, 1, 1, 3, 5, 4, 2, 3, 2, 1, 1, 1, 1, 4, 1, 4, 1, 1, 1, 1, 1, 1, 1, 1, 4, 1, 3, 1, 1, 3, 5, 4, 1, 1, 3, 1, 1, 1, 3, 2, 1, 2, 3, 2, 1, 2, 1, 1, 1, 1, 1, 1, 1, 2, 1, 5, 4, 1, 4, 3, 5, 1, 1, 3, 1, 1, 1, 1, 3, 1, 1, 1, 4, 5, 1, 4, 1, 1, 1, 1, 1, 5, 4, 1, 1, 1, 3, 1, 1, 1, 2, 1, 3, 4, 1, 4, 1, 1, 3, 1, 1, 3, 3, 1, 2]",5,"[0.55, 0.08, 0.145, 0.17, 0.055]"
Tab2,"[1, 1, 2, 3, 5, 2, 2, 2, 2, 1, 1, 1, 1, 2, 1, 1, 2, 3, 3, 1, 1, 3, 2, 5, 3, 1, 3, 1, 3, 2, 3, 3, 3, 1, 3, 1, 1, 1, 4, 4, 1, 1, 1, 1, 2, 1, 3, 4, 1, 3, 3, 3, 1, 3, 3, 2, 2, 4, 1, 2, 1, 1, 5, 1, 2, 1, 1, 3, 5, 5, 1, 5, 4, 1, 3, 1, 1, 1, 1, 1, 1, 2, 2, 2, 3, 1, 1, 3, 1, 2, 2, 1, 3, 4, 4, 4, 1, 4, 1, 1, 2, 4, 2, 3, 3, 2, 1, 1, 1, 3, 3, 1, 1, 2, 1, 3, 3, 3, 4, 1, 1, 2, 1, 1, 2, 3, 4, 1, 1, 1, 1, 3, 2, 1, 1, 1, 2, 1, 1, 1, 1, 1, 1, 1, 1, 2, 1, 3, 1, 1, 3, 2, 2, 2, 1, 4, 4, 3, 3, 2, 3, 1, 3, 1, 2, 1, 1, 1, 3, 1, 1, 1, 2, 1, 1, 1, 1, 2, 2, 2, 2, 1, 3, 1, 3, 1, 1, 4, 3, 2, 2, 2, 1, 1, 3, 1, 3, 1, 1, 1]",5,"[0.475, 0.205, 0.215, 0.075, 0.03]"
Scrg1,"[1, 3, 1, 1, 1, 1, 1, 4, 3, 1, 1, 1, 3, 1, 1, 1, 1, 5, 1, 1, 3, 1, 1, 3, 3, 1, 1, 1, 1, 4, 3, 1, 2, 1, 1, 1, 4, 1, 1, 1, 1, 3, 1, 1, 2, 1, 1, 1, 1, 4, 1, 5, 5, 1, 2, 2, 1, 2, 2, 1, 1, 1, 1, 5, 2, 1, 1, 2, 1, 1, 1, 1, 1, 2, 1, 1, 4, 1, 3, 1, 1, 3, 1, 1, 1, 1, 1, 1, 1, 1, 1, 3, 4, 1, 1, 3, 1, 4, 3, 1, 3, 1, 1, 1, 1, 2, 1, 3, 1, 1, 1, 1, 3, 2, 1, 1, 1, 1, 1, 1, 2, 1, 1, 4, 2, 1, 1, 1, 1, 3, 1, 1, 1, 2, 1, 1, 3, 1, 3, 1, 2, 2, 3, 1, 1, 1, 1, 3, 1, 1, 1, 3, 1, 2, 1, 4, 1, 1, 1, 1, 1, 3, 1, 3, 2, 1, 2, 1, 1, 1, 3, 1, 1, 1, 1, 1, 1, 1, 2, 1, 1, 2, 1, 2, 1, 1, 1, 3, 1, 1, 3, 3, 1, 1, 1, 1, 4, 2, 1, 2]",5,"[0.67, 0.12, 0.14, 0.05, 0.02]"
Laptm4a,"[1, 2, 2, 4, 1, 2, 2, 2, 2, 1, 2, 1, 2, 3, 2, 1, 3, 2, 2, 2, 1, 1, 1, 1, 3, 2, 3, 2, 1, 2, 2, 2, 3, 1, 2, 2, 3, 2, 2, 3, 2, 2, 2, 3, 2, 1, 1, 4, 1, 3, 2, 1, 1, 3, 2, 1, 2, 2, 1, 2, 2, 1, 2, 2, 2, 2, 2, 1, 2, 2, 2, 2, 4, 2, 2, 1, 2, 3, 2, 1, 2, 2, 2, 2, 4, 1, 2, 4, 2, 2, 1, 1, 2, 4, 3, 1, 2, 1, 2, 2, 1, 1, 1, 1, 3, 1, 3, 2, 2, 3, 3, 1, 1, 2, 1, 2, 2, 3, 4, 2, 2, 1, 1, 2, 1, 1, 1, 2, 3, 1, 1, 2, 2, 2, 1, 3, 1, 1, 2, 2, 1, 1, 1, 2, 1, 2, 4, 1, 1, 2, 1, 2, 1, 1, 2, 3, 2, 4, 4, 1, 4, 2, 2, 1, 1, 2, 1, 2, 3, 1, 2, 2, 1, 2, 2, 1, 1, 1, 1, 2, 2, 2, 2, 2, 4, 1, 2, 2, 2, 2, 4, 2, 3, 3, 1, 2, 2, 1, 2, 3]",4,"[0.335, 0.48, 0.12, 0.065]"
Ppap2b,"[1, 1, 1, 1, 1, 1, 4, 1, 2, 1, 1, 1, 5, 1, 1, 4, 1, 4, 1, 1, 2, 2, 2, 1, 2, 1, 1, 2, 1, 5, 1, 1, 2, 1, 1, 1, 5, 1, 1, 1, 1, 4, 1, 1, 3, 1, 1, 1, 1, 5, 1, 1, 4, 1, 5, 1, 1, 4, 1, 2, 2, 2, 1, 1, 5, 1, 1, 1, 1, 2, 1, 1, 2, 1, 1, 1, 1, 5, 1, 1, 1, 1, 2, 1, 2, 1, 2, 1, 1, 1, 4, 5, 1, 1, 1, 1, 4, 1, 4, 1, 1, 2, 1, 1, 1, 3, 1, 2, 4, 2, 1, 2, 1, 2, 4, 1, 1, 1, 1, 4, 1, 4, 1, 2, 1, 1, 2, 2, 1, 4, 1, 1, 1, 3, 1, 1, 3, 1, 1, 1, 1, 1, 1, 1, 1, 1, 1, 2, 3, 1, 1, 4, 2, 4, 4, 1, 1, 1, 2, 1, 2, 1, 1, 4, 2, 2, 2, 1, 1, 3, 1, 1, 2, 1, 1, 1, 1, 1, 2, 2, 3, 2, 1, 1, 1, 2, 1, 4, 1, 1, 1, 1, 1, 1, 2, 2, 5, 4, 1, 3]",5,"[0.63, 0.185, 0.04, 0.1, 0.045]"
Fabp7,"[1, 1, 1, 1, 1, 1, 1, 1, 1, 1, 1, 1, 2, 1, 1, 2, 1, 5, 1, 1, 1, 1, 1, 1, 1, 1, 1, 1, 1, 4, 1, 1, 1, 1, 1, 1, 3, 1, 1, 1, 2, 3, 1, 1, 1, 1, 1, 1, 1, 5, 1, 1, 4, 1, 4, 1, 1, 2, 1, 1, 1, 1, 2, 1, 3, 3, 1, 1, 1, 1, 1, 1, 1, 1, 1, 1, 1, 2, 1, 1, 1, 1, 1, 1, 2, 1, 1, 2, 1, 1, 2, 1, 1, 2, 2, 1, 3, 1, 2, 1, 1, 1, 1, 1, 3, 2, 1, 2, 1, 1, 1, 1, 1, 1, 1, 1, 1, 1, 3, 4, 1, 4, 1, 2, 1, 1, 1, 1, 1, 3, 1, 1, 1, 2, 1, 1, 1, 1, 1, 1, 1, 1, 1, 1, 1, 1, 1, 4, 1, 1, 1, 4, 1, 1, 1, 1, 2, 1, 2, 1, 1, 2, 1, 2, 4, 2, 1, 1, 1, 1, 1, 1, 1, 2, 1, 1, 1, 1, 1, 1, 1, 1, 1, 3, 1, 1, 2, 4, 1, 1, 1, 1, 1, 1, 1, 1, 5, 4, 1, 2]",5,"[0.77, 0.12, 0.045, 0.05, 0.015]"
Sparcl1,"[1, 2, 3, 4, 1, 3, 4, 3, 1, 4, 1, 1, 5, 3, 3, 4, 3, 5, 5, 1, 1, 2, 1, 2, 4, 2, 3, 1, 1, 5, 4, 3, 3, 3, 3, 3, 5, 1, 2, 1, 2, 5, 3, 2, 1, 1, 3, 4, 2, 5, 3, 4, 5, 3, 5, 2, 3, 4, 1, 3, 1, 3, 4, 4, 5, 3, 2, 3, 2, 3, 4, 1, 4, 1, 4, 1, 3, 5, 1, 1, 4, 1, 3, 2, 3, 3, 2, 4, 2, 3, 4, 4, 2, 3, 3, 1, 4, 2, 4, 3, 3, 1, 3, 1, 4, 1, 2, 2, 2, 3, 3, 3, 1, 1, 3, 3, 2, 3, 4, 4, 1, 4, 3, 3, 3, 3, 3, 3, 3, 4, 1, 4, 1, 3, 3, 4, 2, 4, 1, 3, 2, 2, 1, 2, 3, 1, 3, 4, 3, 3, 4, 5, 1, 4, 3, 5, 4, 3, 4, 3, 4, 2, 1, 4, 4, 3, 1, 3, 5, 1, 4, 2, 1, 2, 1, 3, 3, 3, 1, 3, 1, 1, 2, 1, 4, 3, 3, 5, 4, 3, 3, 2, 4, 3, 1, 2, 5, 4, 1, 5]",5,"[0.23, 0.15, 0.33, 0.205, 0.085]"
Dtna,"[1, 1, 1, 1, 1, 1, 3, 2, 1, 1, 2, 1, 2, 1, 1, 1, 2, 3, 4, 1, 1, 2, 1, 3, 2, 1, 1, 1, 1, 4, 1, 1, 1, 2, 1, 1, 1, 1, 1, 3, 1, 2, 1, 3, 1, 1, 1, 1, 2, 2, 1, 2, 2, 2, 2, 2, 1, 2, 1, 1, 1, 2, 2, 2, 3, 2, 1, 1, 1, 2, 3, 1, 2, 1, 2, 2, 3, 1, 1, 1, 1, 2, 1, 1, 4, 1, 1, 2, 3, 1, 2, 1, 3, 2, 3, 1, 2, 2, 2, 2, 3, 1, 1, 1, 2, 2, 2, 1, 2, 1, 4, 2, 1, 1, 2, 2, 3, 1, 1, 1, 2, 2, 2, 1, 1, 4, 2, 2, 1, 3, 2, 2, 2, 2, 1, 1, 1, 1, 2, 1, 2, 2, 2, 1, 1, 2, 1, 3, 1, 1, 3, 2, 1, 2, 3, 2, 2, 1, 3, 1, 2, 1, 1, 2, 2, 1, 1, 3, 1, 1, 3, 1, 1, 1, 2, 1, 2, 2, 2, 1, 2, 1, 1, 1, 2, 1, 2, 2, 2, 1, 3, 2, 1, 1, 1, 1, 3, 1, 1, 2]",4,"[0.51, 0.355, 0.11, 0.025]"
Oat,"[3, 1, 2, 1, 1, 2, 2, 2, 1, 1, 1, 2, 2, 1, 2, 1, 2, 3, 4, 2, 1, 2, 1, 3, 2, 1, 1, 1, 1, 2, 2, 1, 3, 1, 2, 2, 2, 2, 2, 1, 1, 2, 2, 4, 1, 1, 1, 2, 1, 3, 1, 2, 4, 3, 3, 2, 2, 1, 1, 3, 2, 1, 3, 3, 3, 3, 3, 2, 4, 1, 3, 1, 2, 1, 1, 1, 2, 2, 1, 1, 4, 2, 2, 2, 4, 2, 2, 2, 1, 1, 2, 2, 2, 1, 2, 1, 4, 3, 3, 1, 1, 1, 2, 1, 1, 2, 3, 2, 1, 2, 4, 1, 1, 2, 1, 2, 2, 2, 4, 2, 1, 3, 2, 1, 2, 1, 1, 1, 1, 2, 1, 2, 1, 2, 1, 2, 2, 2, 3, 3, 1, 1, 1, 2, 1, 1, 2, 1, 2, 1, 2, 2, 1, 1, 1, 2, 4, 1, 4, 3, 2, 1, 2, 1, 1, 2, 1, 2, 1, 1, 3, 1, 2, 2, 1, 1, 1, 1, 1, 1, 3, 1, 1, 1, 2, 2, 1, 1, 4, 1, 4, 2, 1, 2, 1, 2, 3, 2, 2, 2]",4,"[0.435, 0.38, 0.12, 0.065]"
Cxcl14,"[3, 1, 1, 1, 1, 1, 1, 3, 1, 1, 4, 2, 1, 1, 1, 2, 1, 1, 1, 1, 1, 1, 1, 1, 1, 1, 1, 1, 1, 2, 1, 3, 1, 2, 1, 1, 1, 1, 4, 4, 1, 2, 1, 3, 1, 1, 2, 1, 1, 1, 1, 4, 1, 1, 2, 1, 1, 1, 1, 1, 1, 1, 1, 1, 2, 3, 4, 1, 1, 3, 4, 1, 1, 1, 1, 1, 3, 2, 1, 1, 1, 2, 1, 1, 1, 1, 1, 1, 2, 1, 2, 2, 3, 1, 4, 1, 1, 1, 2, 4, 2, 1, 1, 1, 1, 1, 1, 2, 4, 1, 3, 1, 1, 1, 1, 1, 1, 1, 1, 2, 1, 2, 1, 1, 1, 4, 1, 1, 1, 2, 1, 1, 1, 1, 1, 1, 1, 1, 1, 1, 1, 1, 1, 1, 1, 1, 1, 1, 1, 1, 1, 2, 1, 1, 1, 1, 1, 1, 1, 1, 1, 1, 1, 2, 1, 1, 1, 1, 1, 1, 3, 1, 1, 1, 1, 1, 1, 1, 1, 1, 1, 2, 1, 1, 1, 1, 1, 3, 1, 1, 3, 1, 1, 1, 1, 1, 1, 2, 1, 2]",4,"[0.77, 0.12, 0.06, 0.05]"
Ldhb,"[5, 2, 1, 3, 2, 2, 3, 3, 2, 4, 4, 2, 3, 3, 2, 2, 2, 3, 4, 2, 2, 2, 2, 1, 2, 1, 3, 1, 2, 3, 2, 5, 3, 3, 2, 3, 3, 2, 3, 3, 2, 3, 2, 5, 1, 3, 2, 3, 1, 3, 2, 3, 4, 2, 3, 2, 2, 2, 1, 3, 1, 3, 4, 5, 3, 5, 4, 2, 1, 5, 3, 1, 2, 2, 2, 2, 3, 2, 2, 2, 5, 3, 4, 1, 4, 3, 3, 3, 3, 2, 3, 1, 3, 3, 4, 2, 2, 2, 3, 5, 2, 2, 3, 1, 2, 2, 1, 2, 2, 2, 5, 2, 2, 2, 1, 3, 2, 1, 3, 4, 2, 2, 2, 2, 2, 3, 2, 3, 3, 3, 1, 2, 1, 3, 2, 2, 2, 4, 3, 2, 2, 2, 2, 2, 1, 1, 2, 3, 1, 3, 4, 3, 2, 2, 1, 5, 3, 3, 4, 3, 2, 2, 2, 2, 2, 2, 2, 4, 5, 2, 4, 2, 1, 2, 3, 1, 4, 2, 2, 1, 2, 1, 2, 3, 2, 2, 3, 4, 2, 2, 4, 2, 3, 3, 2, 2, 3, 2, 1, 4]",5,"[0.135, 0.44, 0.275, 0.095, 0.055]"
Gabrb1,"[2, 1, 1, 3, 1, 2, 1, 1, 1, 1, 1, 1, 2, 4, 2, 1, 3, 1, 2, 1, 1, 1, 1, 1, 2, 1, 3, 1, 1, 2, 3, 1, 1, 1, 3, 1, 1, 2, 1, 1, 1, 2, 3, 1, 1, 1, 1, 4, 2, 2, 3, 1, 1, 2, 1, 1, 3, 1, 1, 2, 1, 2, 4, 1, 2, 2, 3, 1, 1, 2, 2, 1, 4, 2, 3, 1, 1, 1, 1, 1, 1, 3, 1, 1, 3, 2, 1, 4, 1, 1, 3, 1, 1, 3, 2, 1, 1, 1, 1, 3, 2, 1, 1, 1, 4, 1, 1, 1, 3, 3, 4, 1, 1, 1, 1, 3, 2, 1, 4, 1, 1, 1, 1, 1, 4, 1, 1, 2, 3, 1, 1, 4, 1, 1, 4, 2, 1, 1, 1, 2, 1, 1, 1, 2, 1, 1, 3, 1, 1, 3, 1, 2, 1, 1, 3, 3, 4, 3, 4, 3, 4, 1, 1, 3, 1, 2, 1, 1, 2, 1, 1, 3, 1, 2, 1, 1, 1, 1, 1, 1, 4, 1, 1, 1, 4, 1, 3, 2, 1, 3, 1, 1, 2, 4, 1, 1, 2, 1, 1, 1]",4,"[0.6, 0.17, 0.145, 0.085]"
Grin3a,"[1, 1, 1, 3, 1, 1, 3, 1, 1, 1, 1, 2, 1, 1, 1, 1, 2, 1, 4, 1, 1, 1, 1, 1, 2, 1, 2, 1, 1, 1, 3, 1, 2, 1, 2, 2, 1, 1, 1, 1, 1, 1, 2, 3, 1, 1, 3, 2, 1, 1, 2, 1, 1, 1, 1, 1, 1, 1, 1, 3, 1, 3, 1, 1, 1, 1, 2, 1, 1, 1, 1, 1, 4, 2, 4, 1, 1, 1, 1, 1, 1, 1, 1, 1, 2, 2, 1, 1, 1, 2, 1, 1, 2, 2, 1, 1, 1, 1, 1, 2, 1, 1, 2, 1, 2, 1, 1, 1, 2, 3, 1, 1, 1, 1, 1, 2, 1, 1, 3, 1, 1, 1, 2, 1, 1, 1, 3, 2, 2, 1, 1, 2, 1, 1, 1, 1, 1, 2, 1, 1, 1, 1, 1, 2, 1, 1, 2, 1, 1, 1, 1, 2, 1, 1, 2, 2, 1, 2, 4, 1, 2, 1, 1, 1, 1, 1, 1, 2, 4, 1, 2, 2, 1, 1, 1, 1, 1, 3, 1, 1, 1, 1, 1, 1, 3, 2, 2, 1, 4, 1, 2, 1, 3, 1, 1, 1, 1, 2, 1, 2]",4,"[0.695, 0.21, 0.065, 0.03]"
Gja1,"[1, 1, 1, 1, 1, 1, 3, 1, 2, 1, 1, 1, 4, 1, 1, 3, 1, 3, 1, 1, 1, 1, 1, 1, 1, 1, 1, 1, 1, 4, 1, 1, 1, 1, 1, 1, 4, 3, 1, 1, 1, 4, 1, 1, 1, 1, 1, 1, 1, 4, 1, 1, 3, 1, 4, 2, 3, 3, 1, 1, 1, 1, 2, 1, 4, 2, 1, 1, 1, 1, 1, 1, 1, 1, 1, 1, 1, 4, 2, 1, 1, 1, 1, 1, 1, 1, 1, 1, 1, 1, 4, 3, 1, 2, 1, 1, 3, 1, 4, 1, 1, 2, 1, 1, 1, 1, 1, 3, 1, 1, 1, 2, 1, 2, 3, 1, 1, 1, 1, 3, 1, 3, 1, 1, 1, 1, 1, 1, 1, 3, 1, 1, 2, 3, 1, 1, 1, 1, 1, 1, 1, 1, 1, 1, 1, 1, 1, 3, 1, 1, 1, 3, 1, 2, 3, 1, 1, 1, 1, 1, 1, 1, 1, 3, 3, 1, 1, 1, 1, 1, 1, 1, 2, 1, 1, 2, 1, 1, 1, 1, 1, 1, 1, 1, 1, 1, 1, 4, 1, 1, 1, 1, 1, 3, 2, 1, 4, 3, 2, 3]",4,"[0.75, 0.075, 0.115, 0.06]"
Slc4a4,"[1, 1, 2, 1, 1, 1, 3, 1, 1, 1, 1, 1, 3, 1, 1, 3, 1, 3, 1, 1, 1, 1, 1, 1, 1, 2, 2, 1, 1, 4, 1, 1, 1, 1, 1, 1, 4, 2, 2, 2, 1, 3, 1, 1, 1, 2, 1, 1, 1, 4, 1, 2, 1, 1, 3, 2, 2, 3, 1, 1, 1, 1, 1, 1, 4, 1, 1, 2, 1, 1, 2, 1, 1, 3, 1, 1, 1, 3, 1, 1, 1, 1, 1, 1, 1, 1, 1, 1, 1, 1, 3, 2, 1, 1, 1, 2, 3, 2, 3, 1, 1, 1, 1, 1, 1, 1, 1, 1, 2, 1, 1, 1, 1, 1, 3, 1, 1, 1, 1, 2, 1, 3, 1, 1, 1, 2, 1, 1, 1, 3, 1, 1, 1, 1, 1, 1, 1, 1, 1, 2, 1, 1, 1, 1, 1, 1, 1, 1, 2, 1, 1, 4, 1, 2, 3, 1, 1, 1, 1, 1, 1, 2, 1, 3, 2, 1, 1, 1, 2, 1, 2, 1, 2, 1, 1, 2, 1, 1, 1, 1, 1, 1, 1, 1, 1, 1, 1, 4, 1, 1, 1, 1, 1, 1, 1, 1, 4, 3, 1, 3]",4,"[0.735, 0.135, 0.095, 0.035]"
Plekhb1,"[1, 3, 1, 1, 3, 1, 1, 1, 2, 1, 1, 1, 2, 1, 1, 1, 1, 3, 1, 2, 3, 2, 1, 4, 3, 1, 1, 1, 2, 2, 1, 1, 2, 1, 1, 1, 2, 4, 1, 1, 2, 1, 1, 1, 3, 4, 1, 1, 1, 1, 1, 1, 2, 1, 1, 2, 2, 1, 2, 1, 2, 2, 1, 1, 1, 2, 1, 2, 1, 1, 1, 1, 2, 1, 1, 2, 1, 1, 2, 2, 1, 1, 1, 1, 1, 1, 3, 1, 1, 1, 1, 1, 3, 1, 1, 2, 1, 4, 1, 1, 1, 2, 1, 2, 1, 3, 1, 2, 1, 1, 1, 1, 2, 3, 1, 1, 1, 1, 2, 1, 2, 1, 1, 3, 1, 1, 1, 1, 1, 2, 1, 1, 2, 2, 1, 1, 3, 1, 2, 1, 2, 2, 3, 1, 2, 2, 1, 2, 1, 1, 1, 1, 2, 1, 1, 1, 1, 1, 1, 1, 1, 2, 1, 1, 2, 1, 2, 1, 1, 2, 2, 1, 1, 1, 1, 3, 1, 1, 3, 3, 1, 1, 1, 3, 1, 1, 1, 2, 1, 1, 1, 2, 1, 1, 2, 3, 2, 1, 1, 2]",4,"[0.65, 0.24, 0.09, 0.02]"
Trim9,"[3, 1, 3, 4, 1, 3, 2, 3, 4, 5, 1, 2, 2, 3, 3, 1, 5, 3, 4, 1, 1, 1, 1, 1, 4, 1, 3, 1, 1, 3, 3, 1, 3, 3, 1, 1, 3, 1, 1, 4, 1, 2, 4, 1, 1, 1, 1, 5, 1, 3, 3, 2, 2, 4, 5, 1, 3, 4, 1, 3, 1, 2, 5, 3, 1, 2, 2, 1, 1, 4, 3, 1, 5, 2, 4, 1, 3, 3, 1, 1, 5, 2, 1, 1, 5, 1, 1, 5, 2, 3, 2, 3, 2, 4, 3, 1, 1, 1, 1, 3, 2, 1, 3, 1, 4, 1, 1, 1, 3, 2, 3, 2, 1, 1, 2, 4, 2, 2, 4, 2, 1, 2, 3, 1, 1, 3, 4, 2, 4, 4, 1, 1, 1, 1, 2, 1, 1, 3, 2, 5, 1, 1, 1, 4, 1, 1, 3, 3, 1, 4, 3, 3, 1, 1, 4, 3, 4, 3, 3, 2, 5, 1, 1, 4, 3, 2, 1, 2, 3, 1, 1, 1, 1, 2, 3, 1, 3, 3, 1, 1, 4, 2, 3, 1, 4, 1, 4, 3, 3, 3, 4, 1, 5, 2, 1, 1, 4, 3, 1, 1]",5,"[0.41, 0.155, 0.24, 0.135, 0.06]"
Fermt2,"[1, 4, 3, 1, 4, 1, 1, 3, 3, 3, 1, 1, 3, 2, 1, 3, 2, 3, 3, 4, 2, 4, 2, 2, 2, 1, 1, 2, 1, 4, 3, 1, 2, 1, 1, 1, 4, 4, 2, 2, 2, 5, 1, 2, 2, 2, 1, 4, 1, 5, 1, 1, 2, 1, 2, 2, 1, 1, 1, 2, 3, 1, 2, 2, 2, 1, 1, 2, 2, 2, 1, 1, 2, 3, 3, 4, 2, 2, 3, 2, 2, 1, 1, 1, 1, 1, 5, 2, 1, 2, 2, 4, 2, 3, 3, 3, 2, 1, 2, 1, 2, 4, 1, 3, 2, 5, 1, 3, 1, 3, 1, 2, 4, 3, 4, 1, 2, 2, 2, 2, 4, 3, 1, 4, 1, 1, 1, 2, 2, 2, 1, 2, 2, 4, 3, 1, 4, 1, 2, 1, 1, 2, 1, 1, 2, 2, 1, 4, 1, 1, 2, 3, 1, 4, 1, 2, 3, 2, 2, 1, 2, 2, 2, 5, 1, 1, 3, 2, 2, 3, 4, 1, 1, 1, 2, 1, 2, 1, 1, 2, 2, 2, 1, 4, 2, 2, 2, 3, 1, 1, 1, 4, 1, 1, 1, 4, 3, 3, 1, 3]",5,"[0.37, 0.34, 0.15, 0.115, 0.025]"
S100b,"[1, 4, 1, 1, 1, 1, 2, 1, 5, 1, 1, 1, 4, 1, 1, 3, 1, 5, 1, 4, 4, 4, 1, 2, 1, 1, 1, 1, 1, 4, 1, 1, 4, 1, 1, 1, 4, 4, 1, 1, 2, 3, 2, 1, 1, 4, 1, 1, 2, 4, 1, 1, 4, 1, 3, 2, 3, 1, 2, 1, 4, 1, 1, 2, 3, 3, 1, 4, 1, 1, 1, 1, 1, 4, 1, 4, 1, 3, 1, 3, 1, 1, 1, 2, 2, 1, 4, 1, 1, 1, 2, 1, 4, 1, 1, 4, 4, 5, 4, 1, 1, 1, 1, 3, 1, 2, 1, 5, 1, 1, 1, 1, 4, 5, 2, 1, 1, 3, 1, 2, 1, 3, 1, 4, 2, 1, 1, 2, 1, 4, 1, 1, 2, 4, 1, 3, 5, 1, 5, 1, 3, 4, 1, 1, 1, 1, 1, 4, 2, 1, 1, 4, 1, 1, 2, 2, 1, 1, 2, 1, 1, 4, 1, 1, 3, 1, 4, 1, 1, 4, 4, 1, 1, 1, 1, 2, 1, 1, 4, 1, 1, 1, 1, 3, 1, 1, 1, 3, 1, 1, 1, 4, 1, 1, 1, 1, 4, 3, 1, 2]",5,"[0.59, 0.115, 0.085, 0.175, 0.035]"
Add3,"[1, 1, 1, 4, 1, 3, 3, 4, 4, 3, 1, 1, 3, 3, 1, 3, 3, 4, 2, 1, 1, 2, 1, 3, 3, 1, 3, 1, 1, 4, 2, 1, 4, 1, 4, 3, 4, 1, 2, 2, 1, 2, 1, 3, 1, 1, 2, 5, 1, 2, 4, 3, 3, 1, 3, 1, 3, 1, 1, 3, 2, 3, 3, 2, 5, 3, 4, 1, 1, 1, 2, 1, 5, 1, 3, 1, 3, 3, 3, 1, 1, 1, 2, 1, 4, 1, 2, 5, 1, 1, 1, 2, 3, 4, 4, 1, 2, 1, 1, 4, 1, 1, 2, 1, 5, 1, 1, 1, 2, 3, 3, 3, 2, 1, 1, 2, 4, 2, 3, 3, 1, 2, 1, 1, 1, 5, 5, 2, 3, 2, 1, 2, 1, 1, 3, 1, 2, 1, 2, 2, 2, 2, 1, 4, 1, 1, 1, 3, 3, 1, 1, 4, 1, 2, 2, 5, 4, 2, 3, 2, 4, 1, 2, 1, 3, 2, 1, 2, 2, 2, 1, 1, 1, 2, 3, 2, 2, 1, 1, 2, 3, 1, 2, 1, 2, 2, 2, 3, 1, 3, 4, 3, 3, 2, 3, 2, 3, 1, 1, 3]",5,"[0.395, 0.24, 0.225, 0.1, 0.04]"
Sorbs1,"[2, 1, 1, 3, 1, 2, 3, 4, 1, 4, 2, 2, 2, 2, 2, 1, 2, 1, 5, 1, 1, 1, 1, 1, 2, 1, 5, 1, 1, 2, 3, 4, 3, 2, 1, 2, 1, 1, 3, 4, 1, 1, 2, 4, 1, 1, 1, 2, 1, 1, 1, 2, 1, 2, 1, 1, 3, 1, 1, 1, 1, 3, 3, 1, 3, 1, 5, 1, 1, 4, 4, 1, 4, 1, 5, 1, 4, 1, 2, 1, 3, 3, 1, 2, 3, 1, 1, 3, 3, 1, 3, 1, 3, 2, 2, 1, 1, 1, 3, 4, 3, 1, 1, 1, 2, 1, 1, 1, 3, 3, 3, 1, 1, 1, 1, 3, 2, 3, 2, 3, 1, 1, 1, 1, 1, 4, 5, 3, 2, 3, 1, 1, 2, 1, 1, 1, 1, 3, 1, 1, 1, 1, 1, 3, 1, 1, 3, 1, 1, 1, 4, 2, 1, 2, 1, 3, 1, 1, 2, 2, 4, 1, 1, 1, 1, 2, 1, 3, 5, 1, 1, 1, 1, 1, 2, 1, 2, 4, 1, 1, 3, 2, 1, 1, 3, 3, 4, 1, 4, 2, 2, 1, 1, 2, 1, 1, 3, 1, 1, 1]",5,"[0.535, 0.18, 0.175, 0.08, 0.03]"
Ccl7,"[1, 1, 2, 1, 1, 1, 1, 1, 1, 1, 1, 1, 1, 1, 1, 1, 1, 1, 1, 1, 1, 1, 1, 1, 1, 2, 1, 1, 1, 1, 1, 1, 1, 1, 1, 1, 1, 1, 1, 1, 1, 1, 1, 1, 1, 1, 1, 1, 2, 1, 1, 1, 1, 1, 1, 1, 1, 1, 1, 1, 1, 1, 1, 1, 1, 1, 1, 1, 2, 1, 1, 1, 1, 1, 1, 1, 1, 1, 1, 1, 1, 1, 1, 2, 1, 1, 1, 1, 1, 1, 1, 1, 1, 1, 1, 1, 1, 1, 1, 1, 1, 1, 1, 1, 1, 1, 2, 1, 1, 1, 1, 2, 1, 1, 1, 1, 1, 1, 1, 1, 1, 1, 1, 1, 1, 1, 1, 1, 1, 1, 2, 1, 2, 1, 1, 1, 1, 1, 1, 1, 1, 1, 1, 1, 1, 1, 1, 1, 1, 1, 1, 1, 1, 1, 1, 1, 1, 1, 1, 1, 1, 1, 1, 1, 1, 1, 1, 1, 1, 1, 1, 1, 2, 1, 1, 1, 1, 1, 1, 1, 1, 1, 1, 1, 1, 1, 1, 1, 1, 1, 1, 1, 1, 1, 1, 1, 1, 1, 2, 1]",2,"[0.945, 0.055]"
Cst3,"[3, 2, 4, 3, 1, 2, 4, 3, 3, 3, 4, 2, 5, 2, 1, 4, 2, 5, 3, 2, 1, 2, 1, 1, 1, 4, 3, 2, 1, 5, 3, 3, 2, 4, 3, 3, 6, 2, 3, 3, 2, 5, 2, 3, 1, 2, 2, 3, 3, 5, 2, 2, 5, 2, 4, 1, 2, 4, 1, 2, 1, 3, 3, 3, 4, 3, 3, 2, 4, 4, 3, 3, 3, 1, 2, 2, 3, 5, 2, 1, 3, 4, 2, 3, 3, 2, 2, 3, 2, 2, 6, 3, 3, 2, 2, 1, 5, 2, 5, 3, 4, 2, 2, 2, 2, 1, 4, 2, 2, 2, 5, 4, 2, 2, 3, 2, 2, 3, 3, 3, 2, 4, 2, 2, 2, 3, 2, 2, 2, 5, 4, 2, 2, 3, 3, 2, 2, 3, 2, 2, 2, 1, 2, 2, 1, 2, 2, 6, 1, 3, 4, 5, 2, 4, 2, 3, 3, 2, 3, 2, 3, 2, 5, 5, 5, 3, 1, 3, 3, 2, 3, 2, 3, 2, 2, 6, 3, 2, 2, 2, 3, 2, 2, 1, 3, 2, 2, 5, 3, 2, 4, 1, 3, 3, 2, 1, 5, 4, 4, 5]",6,"[0.11, 0.39, 0.28, 0.11, 0.09, 0.02]"
Ccl3,"[1, 1, 2, 1, 1, 1, 1, 1, 1, 1, 1, 1, 1, 1, 1, 1, 2, 1, 1, 1, 1, 1, 1, 1, 1, 2, 1, 1, 1, 1, 1, 1, 1, 1, 1, 1, 1, 1, 1, 1, 1, 1, 1, 1, 1, 1, 1, 1, 2, 1, 1, 1, 1, 1, 1, 1, 1, 1, 1, 1, 1, 1, 1, 1, 1, 1, 1, 1, 1, 1, 1, 2, 1, 1, 1, 1, 1, 1, 1, 1, 1, 1, 1, 2, 1, 1, 1, 1, 1, 1, 1, 1, 1, 1, 1, 1, 1, 1, 1, 1, 1, 1, 1, 1, 1, 1, 2, 1, 1, 1, 1, 2, 1, 1, 1, 1, 1, 1, 1, 1, 1, 1, 1, 1, 1, 1, 1, 1, 1, 1, 3, 1, 1, 1, 1, 1, 1, 1, 1, 1, 1, 1, 1, 1, 1, 1, 1, 1, 1, 1, 1, 1, 2, 1, 1, 1, 1, 1, 1, 1, 1, 1, 1, 1, 1, 1, 1, 1, 1, 1, 1, 1, 2, 1, 1, 3, 1, 1, 1, 1, 1, 1, 1, 1, 1, 1, 1, 1, 1, 1, 1, 1, 1, 1, 1, 1, 1, 1, 2, 1]",3,"[0.935, 0.055, 0.01]"
Sepp1,"[1, 3, 5, 1, 3, 1, 2, 1, 4, 1, 1, 1, 3, 1, 1, 3, 1, 3, 1, 3, 3, 4, 1, 1, 1, 5, 1, 1, 3, 3, 1, 1, 3, 1, 1, 1, 3, 5, 1, 1, 1, 2, 1, 1, 2, 1, 1, 1, 3, 3, 1, 1, 3, 1, 2, 3, 1, 2, 3, 1, 3, 1, 1, 1, 3, 1, 1, 3, 5, 2, 1, 3, 1, 3, 1, 3, 1, 3, 1, 2, 1, 1, 1, 4, 1, 1, 2, 1, 1, 1, 3, 2, 3, 1, 1, 2, 2, 3, 3, 1, 1, 3, 1, 1, 1, 2, 4, 3, 2, 1, 1, 4, 4, 4, 2, 2, 1, 1, 1, 1, 1, 3, 1, 3, 1, 1, 1, 2, 1, 3, 3, 1, 3, 3, 1, 1, 4, 1, 3, 1, 1, 3, 1, 1, 1, 1, 1, 2, 1, 1, 1, 3, 1, 1, 2, 1, 3, 1, 1, 1, 1, 4, 2, 2, 3, 1, 3, 1, 1, 3, 1, 1, 4, 1, 1, 2, 1, 1, 3, 1, 1, 3, 1, 3, 1, 1, 1, 3, 1, 1, 1, 4, 1, 1, 3, 2, 3, 3, 5, 3]",5,"[0.56, 0.11, 0.25, 0.055, 0.025]"
B2m,"[1, 3, 5, 2, 1, 3, 1, 1, 1, 1, 1, 1, 1, 1, 1, 1, 2, 4, 1, 2, 2, 2, 1, 3, 2, 5, 2, 1, 2, 3, 1, 1, 1, 1, 2, 1, 3, 1, 1, 1, 2, 1, 2, 1, 1, 1, 2, 3, 4, 3, 1, 1, 3, 3, 3, 1, 1, 1, 1, 2, 3, 1, 1, 1, 1, 1, 1, 1, 5, 3, 4, 4, 1, 3, 1, 1, 1, 1, 2, 1, 1, 1, 1, 5, 1, 1, 2, 3, 1, 1, 1, 1, 1, 3, 1, 1, 2, 2, 2, 1, 1, 1, 1, 1, 2, 1, 5, 1, 1, 2, 1, 5, 5, 1, 3, 2, 1, 1, 3, 1, 2, 2, 3, 1, 2, 4, 1, 2, 3, 1, 2, 1, 5, 1, 1, 1, 1, 1, 3, 1, 1, 3, 1, 1, 2, 2, 2, 1, 1, 3, 1, 2, 1, 1, 1, 2, 3, 1, 3, 1, 1, 1, 4, 1, 1, 2, 1, 1, 1, 1, 3, 1, 5, 2, 1, 4, 1, 2, 3, 3, 1, 1, 2, 1, 3, 1, 2, 4, 4, 2, 1, 2, 1, 3, 1, 1, 2, 2, 5, 1]",5,"[0.56, 0.2, 0.145, 0.045, 0.05]"
Ubash3b,"[1, 1, 1, 1, 3, 1, 1, 4, 2, 4, 4, 3, 1, 1, 2, 1, 1, 2, 4, 1, 1, 1, 1, 1, 1, 3, 4, 1, 1, 1, 2, 1, 1, 3, 1, 1, 1, 1, 3, 3, 1, 1, 1, 4, 1, 1, 3, 3, 1, 1, 1, 4, 1, 1, 2, 1, 1, 1, 1, 1, 2, 3, 1, 3, 1, 3, 4, 1, 1, 3, 4, 1, 1, 1, 1, 1, 2, 1, 1, 1, 2, 4, 2, 1, 3, 1, 1, 1, 4, 1, 1, 1, 3, 1, 4, 1, 1, 1, 1, 4, 4, 1, 1, 1, 2, 2, 1, 1, 3, 1, 4, 1, 1, 1, 1, 2, 1, 1, 1, 3, 1, 1, 2, 1, 1, 3, 3, 2, 1, 1, 1, 1, 1, 2, 2, 1, 1, 1, 1, 1, 2, 1, 1, 1, 1, 1, 1, 1, 1, 1, 4, 1, 2, 1, 1, 4, 1, 1, 1, 1, 1, 1, 1, 1, 1, 1, 1, 3, 2, 1, 4, 1, 1, 1, 1, 1, 2, 1, 2, 1, 1, 1, 1, 1, 1, 1, 1, 1, 1, 1, 4, 2, 1, 2, 1, 1, 1, 1, 1, 1]",4,"[0.695, 0.115, 0.095, 0.095]"
Cntnap2,"[3, 1, 1, 3, 1, 1, 2, 3, 1, 3, 3, 2, 1, 2, 2, 1, 2, 1, 3, 1, 1, 1, 1, 1, 2, 1, 3, 1, 1, 1, 2, 3, 3, 2, 1, 2, 1, 1, 4, 3, 1, 1, 2, 3, 1, 1, 2, 3, 1, 1, 1, 3, 1, 2, 1, 1, 2, 1, 1, 2, 1, 2, 2, 2, 1, 3, 3, 1, 1, 3, 3, 1, 3, 1, 2, 1, 3, 1, 1, 1, 3, 4, 2, 1, 3, 1, 1, 2, 3, 2, 1, 1, 3, 3, 4, 1, 2, 1, 1, 3, 4, 1, 1, 1, 3, 1, 1, 1, 3, 3, 4, 1, 1, 1, 1, 2, 3, 2, 3, 3, 1, 1, 1, 1, 2, 3, 3, 2, 3, 1, 1, 3, 1, 1, 2, 2, 1, 1, 1, 3, 1, 1, 1, 2, 1, 1, 2, 1, 1, 2, 2, 1, 1, 2, 1, 3, 2, 2, 2, 2, 3, 1, 1, 1, 1, 1, 1, 3, 2, 1, 2, 1, 1, 1, 3, 1, 2, 2, 1, 1, 2, 1, 2, 1, 2, 2, 1, 1, 3, 2, 4, 1, 2, 3, 1, 1, 2, 1, 1, 1]",4,"[0.52, 0.24, 0.21, 0.03]"
Elmo1,"[1, 1, 1, 1, 1, 1, 1, 4, 1, 3, 4, 1, 1, 1, 1, 1, 1, 3, 2, 1, 1, 1, 1, 2, 2, 1, 1, 1, 2, 1, 2, 3, 1, 3, 1, 2, 1, 1, 2, 4, 1, 1, 1, 4, 1, 1, 2, 2, 1, 1, 1, 4, 1, 1, 1, 2, 1, 1, 1, 1, 2, 1, 1, 3, 1, 3, 1, 1, 3, 2, 3, 1, 2, 1, 1, 2, 4, 1, 2, 1, 2, 4, 2, 1, 2, 1, 1, 1, 3, 1, 1, 1, 4, 1, 3, 1, 1, 1, 1, 1, 4, 1, 1, 3, 1, 2, 1, 1, 2, 1, 4, 3, 1, 1, 1, 1, 1, 1, 1, 2, 1, 1, 1, 2, 2, 2, 3, 1, 1, 1, 2, 1, 1, 2, 1, 1, 2, 1, 1, 1, 1, 1, 2, 2, 2, 1, 2, 1, 2, 2, 3, 1, 1, 2, 1, 4, 1, 1, 3, 1, 1, 2, 1, 1, 1, 1, 2, 4, 2, 1, 2, 1, 1, 1, 2, 3, 3, 2, 3, 1, 2, 1, 1, 1, 1, 1, 1, 1, 1, 1, 4, 2, 1, 1, 1, 1, 1, 1, 1, 2]",4,"[0.63, 0.215, 0.09, 0.065]"
Arl4c,"[1, 1, 1, 1, 1, 1, 1, 2, 1, 3, 2, 1, 1, 1, 1, 1, 1, 1, 2, 1, 1, 1, 1, 1, 1, 2, 2, 1, 1, 1, 2, 1, 1, 2, 1, 2, 1, 1, 2, 2, 1, 1, 1, 2, 1, 1, 2, 1, 1, 1, 1, 3, 1, 1, 1, 1, 1, 1, 1, 1, 1, 2, 1, 2, 1, 2, 2, 1, 1, 2, 2, 1, 1, 1, 1, 1, 3, 1, 1, 1, 2, 3, 2, 1, 1, 1, 1, 1, 2, 1, 1, 1, 2, 1, 3, 1, 1, 1, 1, 2, 2, 1, 1, 1, 1, 1, 1, 1, 2, 1, 2, 1, 1, 1, 1, 1, 1, 1, 1, 2, 1, 1, 1, 1, 1, 2, 3, 1, 1, 1, 2, 1, 1, 1, 1, 1, 1, 2, 1, 1, 1, 1, 1, 2, 1, 1, 1, 1, 1, 1, 3, 1, 1, 1, 1, 2, 1, 1, 1, 1, 1, 1, 1, 1, 1, 1, 1, 2, 3, 1, 2, 1, 1, 1, 1, 1, 2, 2, 1, 1, 1, 1, 1, 1, 1, 1, 1, 1, 2, 1, 3, 1, 1, 2, 1, 1, 1, 1, 1, 1]",3,"[0.765, 0.19, 0.045]"
Igf1,"[2, 2, 2, 1, 1, 1, 1, 2, 1, 3, 3, 2, 1, 1, 1, 1, 1, 1, 3, 1, 1, 1, 1, 1, 1, 3, 4, 1, 1, 1, 2, 3, 1, 4, 1, 2, 1, 1, 2, 3, 1, 1, 1, 4, 1, 1, 2, 1, 2, 1, 1, 2, 1, 1, 1, 1, 1, 1, 1, 1, 1, 2, 1, 1, 1, 3, 2, 1, 2, 4, 4, 2, 1, 1, 2, 1, 2, 1, 1, 1, 1, 4, 1, 3, 1, 1, 1, 1, 3, 1, 1, 1, 3, 1, 2, 1, 1, 1, 1, 2, 3, 1, 1, 1, 1, 1, 1, 1, 3, 1, 4, 1, 1, 1, 1, 1, 1, 1, 1, 3, 1, 1, 1, 1, 1, 4, 3, 1, 1, 1, 1, 1, 2, 1, 1, 1, 1, 2, 1, 2, 2, 1, 1, 1, 1, 1, 1, 1, 1, 1, 2, 1, 1, 2, 1, 2, 1, 1, 2, 1, 1, 1, 1, 1, 1, 1, 1, 3, 3, 1, 2, 1, 1, 1, 1, 1, 3, 2, 1, 1, 1, 2, 1, 1, 1, 1, 1, 1, 2, 1, 3, 1, 1, 2, 1, 1, 1, 1, 1, 2]",4,"[0.705, 0.165, 0.09, 0.04]"
Nrxn3,"[4, 2, 3, 4, 1, 2, 4, 5, 2, 3, 5, 2, 1, 3, 1, 1, 3, 1, 5, 2, 1, 2, 1, 2, 3, 2, 4, 2, 2, 2, 2, 4, 3, 4, 2, 4, 1, 1, 4, 4, 1, 2, 3, 5, 1, 1, 3, 4, 2, 2, 2, 4, 1, 3, 2, 3, 3, 1, 1, 3, 1, 3, 4, 4, 1, 4, 4, 2, 1, 4, 5, 1, 4, 2, 3, 1, 4, 1, 1, 1, 4, 5, 2, 1, 4, 3, 1, 3, 4, 2, 1, 1, 4, 1, 4, 1, 1, 2, 1, 4, 5, 1, 3, 1, 3, 1, 1, 2, 4, 3, 5, 2, 2, 1, 1, 2, 4, 3, 4, 4, 1, 1, 3, 2, 2, 5, 3, 3, 2, 1, 1, 1, 2, 1, 3, 2, 2, 5, 1, 3, 2, 1, 1, 4, 1, 1, 2, 1, 1, 3, 3, 3, 2, 2, 1, 5, 3, 3, 4, 3, 3, 2, 2, 1, 1, 2, 2, 4, 5, 2, 3, 1, 1, 3, 3, 1, 3, 4, 1, 1, 3, 3, 4, 1, 2, 2, 2, 1, 5, 3, 5, 1, 3, 4, 1, 1, 1, 1, 1, 2]",5,"[0.33, 0.23, 0.2, 0.17, 0.07]"
Etl4,"[3, 1, 1, 1, 1, 1, 1, 3, 1, 2, 2, 2, 1, 2, 2, 1, 1, 1, 3, 1, 1, 1, 1, 1, 1, 2, 3, 1, 1, 1, 2, 2, 1, 2, 1, 1, 1, 1, 2, 2, 1, 1, 1, 3, 1, 1, 3, 1, 1, 2, 1, 2, 1, 2, 1, 1, 1, 1, 1, 1, 1, 3, 1, 2, 1, 2, 1, 1, 1, 1, 2, 1, 1, 1, 1, 1, 2, 1, 1, 1, 1, 2, 2, 1, 1, 1, 1, 2, 2, 1, 1, 1, 1, 1, 2, 1, 1, 1, 1, 3, 2, 1, 2, 1, 2, 1, 1, 1, 3, 2, 3, 1, 1, 1, 1, 1, 2, 1, 2, 2, 1, 1, 1, 1, 1, 2, 3, 1, 1, 1, 1, 1, 1, 1, 1, 1, 1, 1, 1, 2, 1, 1, 1, 1, 1, 1, 1, 2, 1, 1, 3, 1, 1, 1, 1, 1, 1, 1, 2, 1, 2, 1, 1, 1, 1, 1, 1, 2, 3, 1, 1, 1, 2, 1, 2, 1, 2, 2, 1, 1, 1, 2, 1, 1, 2, 2, 1, 1, 2, 2, 2, 1, 1, 2, 1, 1, 1, 1, 1, 1]",3,"[0.7, 0.235, 0.065]"
Nrip3,"[2, 1, 2, 1, 1, 3, 3, 4, 1, 3, 3, 3, 1, 1, 1, 1, 2, 1, 3, 1, 1, 1, 1, 1, 1, 1, 4, 1, 1, 1, 3, 3, 1, 2, 2, 3, 1, 1, 4, 3, 1, 1, 1, 2, 1, 1, 3, 1, 1, 1, 3, 3, 2, 1, 1, 1, 1, 1, 1, 1, 1, 3, 1, 2, 1, 3, 3, 1, 2, 3, 4, 1, 2, 1, 3, 1, 4, 1, 1, 1, 3, 3, 3, 1, 1, 1, 1, 3, 3, 1, 1, 1, 3, 2, 4, 1, 1, 1, 1, 3, 3, 1, 2, 1, 3, 1, 1, 1, 3, 2, 4, 1, 1, 1, 1, 1, 1, 1, 4, 3, 1, 1, 1, 1, 2, 4, 2, 2, 2, 1, 1, 1, 1, 1, 1, 1, 1, 3, 1, 1, 1, 1, 1, 1, 1, 1, 2, 2, 1, 1, 3, 1, 1, 2, 1, 3, 4, 1, 3, 1, 1, 1, 1, 1, 1, 3, 1, 3, 3, 1, 3, 1, 1, 1, 1, 1, 4, 3, 1, 1, 4, 1, 1, 1, 1, 1, 2, 1, 3, 2, 3, 1, 1, 3, 1, 1, 1, 1, 1, 1]",4,"[0.625, 0.11, 0.205, 0.06]"
Reln,"[3, 1, 1, 1, 1, 1, 1, 3, 1, 1, 3, 4, 1, 1, 1, 1, 1, 1, 4, 1, 1, 1, 1, 1, 1, 1, 1, 1, 1, 1, 3, 4, 1, 1, 1, 1, 1, 1, 4, 4, 1, 1, 1, 2, 1, 1, 4, 1, 1, 1, 1, 1, 1, 1, 1, 1, 1, 1, 1, 1, 2, 4, 1, 2, 1, 2, 4, 1, 1, 3, 3, 1, 1, 1, 1, 1, 3, 1, 1, 1, 1, 3, 3, 1, 1, 1, 1, 1, 1, 1, 1, 1, 4, 1, 4, 1, 1, 1, 1, 4, 2, 1, 1, 1, 1, 1, 1, 1, 4, 1, 4, 1, 2, 1, 1, 1, 1, 1, 1, 1, 1, 1, 1, 1, 1, 4, 4, 1, 1, 1, 1, 1, 1, 1, 1, 1, 1, 4, 1, 1, 1, 1, 1, 1, 1, 1, 1, 1, 1, 1, 1, 1, 1, 4, 1, 1, 1, 1, 1, 1, 1, 1, 1, 1, 1, 1, 1, 1, 4, 1, 3, 1, 1, 1, 1, 1, 2, 4, 1, 1, 2, 2, 1, 1, 1, 1, 1, 1, 4, 1, 1, 1, 1, 3, 1, 1, 1, 1, 1, 1]",4,"[0.8, 0.045, 0.055, 0.1]"
Mgll,"[1, 1, 3, 3, 1, 1, 2, 5, 3, 5, 4, 1, 4, 1, 1, 2, 1, 4, 5, 1, 2, 2, 1, 2, 2, 2, 5, 2, 1, 4, 4, 1, 1, 1, 1, 2, 5, 1, 2, 4, 1, 2, 1, 1, 1, 1, 2, 2, 2, 4, 1, 4, 2, 2, 4, 1, 2, 2, 2, 2, 1, 4, 4, 5, 2, 5, 4, 2, 2, 1, 5, 1, 2, 1, 2, 1, 4, 2, 1, 1, 4, 5, 4, 2, 3, 1, 2, 2, 3, 1, 3, 1, 2, 1, 4, 1, 4, 1, 2, 4, 4, 1, 2, 3, 1, 2, 2, 2, 3, 1, 4, 2, 4, 2, 1, 1, 1, 2, 2, 2, 1, 2, 1, 1, 2, 2, 4, 2, 1, 4, 1, 2, 1, 2, 1, 1, 2, 2, 2, 1, 1, 1, 2, 2, 2, 2, 2, 2, 2, 2, 5, 4, 1, 2, 2, 5, 2, 1, 2, 1, 2, 2, 1, 2, 2, 2, 2, 1, 4, 1, 4, 1, 1, 2, 1, 2, 4, 3, 2, 2, 2, 2, 1, 1, 2, 1, 2, 3, 2, 2, 5, 1, 1, 2, 1, 1, 4, 4, 1, 2]",5,"[0.35, 0.395, 0.05, 0.145, 0.06]"
Kcnc1,"[3, 1, 1, 2, 2, 1, 1, 4, 3, 4, 3, 3, 1, 2, 2, 1, 1, 1, 5, 1, 1, 1, 1, 1, 1, 2, 3, 1, 3, 1, 3, 2, 1, 3, 2, 1, 1, 1, 4, 4, 1, 1, 1, 4, 1, 1, 2, 1, 1, 1, 1, 3, 1, 1, 1, 1, 1, 1, 1, 1, 1, 4, 1, 5, 1, 3, 3, 1, 1, 2, 4, 1, 2, 1, 3, 1, 2, 1, 1, 1, 5, 4, 3, 1, 2, 1, 1, 3, 3, 1, 1, 1, 2, 1, 3, 2, 1, 1, 1, 4, 4, 1, 1, 1, 2, 1, 1, 2, 3, 2, 4, 2, 1, 1, 1, 1, 1, 1, 3, 3, 1, 1, 1, 1, 2, 4, 4, 1, 2, 1, 1, 2, 2, 1, 1, 1, 1, 4, 1, 1, 1, 1, 1, 1, 1, 1, 3, 1, 1, 1, 4, 1, 1, 1, 2, 4, 2, 1, 3, 2, 1, 1, 1, 1, 1, 1, 1, 4, 5, 1, 1, 1, 1, 2, 1, 1, 3, 4, 1, 1, 1, 1, 1, 1, 2, 1, 1, 1, 2, 1, 3, 1, 1, 1, 1, 1, 1, 1, 1, 1]",5,"[0.635, 0.14, 0.115, 0.09, 0.02]"
Col25a1,"[3, 1, 1, 3, 1, 1, 1, 1, 1, 1, 4, 1, 1, 1, 2, 1, 1, 1, 3, 1, 1, 1, 1, 1, 1, 2, 1, 1, 1, 1, 3, 1, 1, 4, 1, 3, 1, 1, 3, 3, 1, 1, 2, 4, 1, 1, 1, 3, 1, 1, 3, 1, 1, 1, 1, 1, 2, 1, 1, 2, 1, 1, 2, 3, 3, 4, 1, 1, 1, 4, 3, 1, 3, 1, 3, 1, 1, 1, 1, 1, 3, 4, 1, 1, 3, 1, 1, 3, 4, 2, 1, 1, 1, 2, 3, 1, 1, 1, 1, 2, 4, 1, 1, 1, 3, 1, 1, 1, 3, 1, 4, 1, 1, 1, 1, 3, 2, 1, 3, 4, 1, 1, 3, 1, 3, 1, 1, 1, 2, 1, 1, 2, 1, 1, 1, 3, 1, 4, 1, 1, 1, 1, 1, 2, 1, 1, 2, 1, 1, 1, 1, 1, 1, 1, 1, 4, 2, 1, 1, 1, 3, 1, 1, 1, 1, 2, 1, 4, 4, 1, 1, 1, 1, 1, 1, 1, 1, 3, 1, 1, 1, 1, 1, 1, 2, 1, 2, 1, 1, 3, 4, 1, 1, 1, 1, 1, 1, 2, 1, 1]",4,"[0.69, 0.095, 0.14, 0.075]"
Trp53i11,"[1, 1, 2, 1, 1, 1, 1, 1, 1, 1, 3, 1, 1, 1, 1, 1, 1, 1, 2, 1, 1, 1, 1, 1, 1, 1, 2, 1, 1, 1, 1, 2, 1, 1, 1, 2, 1, 1, 1, 1, 1, 1, 1, 3, 1, 1, 1, 1, 1, 1, 1, 1, 1, 1, 1, 1, 1, 1, 1, 1, 1, 2, 1, 1, 1, 3, 1, 1, 1, 3, 3, 1, 1, 1, 1, 1, 1, 1, 1, 1, 1, 3, 1, 2, 1, 1, 1, 1, 3, 2, 1, 1, 1, 1, 1, 1, 1, 1, 1, 1, 3, 1, 1, 1, 1, 1, 1, 1, 1, 1, 3, 1, 1, 1, 1, 1, 1, 1, 1, 2, 1, 1, 1, 1, 1, 2, 1, 1, 1, 1, 1, 1, 1, 1, 1, 1, 1, 1, 1, 1, 1, 1, 1, 1, 1, 1, 1, 1, 1, 1, 1, 1, 1, 1, 1, 1, 1, 1, 1, 1, 1, 1, 1, 1, 1, 1, 1, 3, 2, 2, 2, 1, 1, 1, 1, 1, 1, 1, 1, 1, 1, 1, 1, 1, 1, 1, 1, 1, 2, 1, 3, 1, 1, 1, 1, 1, 1, 1, 1, 1]",3,"[0.875, 0.07, 0.055]"
Abat,"[1, 1, 1, 1, 1, 1, 1, 4, 1, 4, 4, 3, 1, 1, 1, 1, 1, 2, 5, 1, 1, 1, 1, 3, 1, 1, 4, 1, 1, 3, 4, 3, 1, 3, 1, 4, 1, 1, 4, 4, 2, 2, 2, 5, 1, 1, 3, 2, 1, 2, 2, 4, 1, 1, 1, 1, 1, 2, 1, 1, 2, 3, 1, 4, 3, 4, 4, 1, 1, 4, 5, 1, 1, 1, 1, 1, 3, 2, 1, 1, 4, 5, 1, 2, 2, 2, 3, 3, 4, 1, 2, 1, 3, 1, 4, 1, 3, 1, 1, 3, 4, 1, 2, 1, 1, 1, 1, 1, 3, 2, 5, 1, 1, 1, 1, 1, 1, 2, 1, 3, 1, 2, 2, 3, 1, 4, 3, 1, 1, 2, 1, 3, 1, 2, 2, 2, 1, 4, 1, 1, 1, 2, 1, 1, 2, 1, 1, 1, 1, 2, 3, 3, 1, 3, 1, 4, 3, 1, 3, 1, 1, 1, 1, 1, 3, 1, 2, 4, 5, 1, 3, 1, 1, 1, 1, 1, 3, 4, 1, 1, 3, 1, 1, 1, 1, 1, 1, 4, 4, 1, 5, 2, 1, 1, 3, 1, 2, 1, 1, 3]",5,"[0.55, 0.145, 0.15, 0.12, 0.035]"
Rgs10,"[1, 2, 2, 1, 1, 1, 1, 2, 1, 3, 2, 2, 1, 1, 1, 1, 1, 1, 1, 1, 1, 1, 1, 1, 1, 2, 3, 2, 1, 1, 1, 2, 1, 2, 1, 2, 1, 1, 1, 2, 1, 1, 1, 1, 1, 1, 2, 1, 2, 1, 1, 2, 1, 1, 1, 1, 1, 1, 1, 1, 1, 1, 1, 2, 1, 3, 2, 1, 2, 2, 2, 1, 1, 1, 1, 1, 3, 1, 1, 1, 2, 4, 2, 2, 1, 1, 1, 1, 2, 1, 1, 1, 3, 1, 3, 1, 1, 1, 1, 2, 3, 1, 1, 1, 1, 1, 2, 1, 1, 1, 3, 2, 1, 1, 1, 1, 1, 1, 1, 1, 1, 1, 1, 1, 1, 1, 1, 1, 1, 1, 1, 1, 2, 1, 1, 1, 1, 1, 1, 1, 1, 1, 1, 1, 1, 1, 1, 1, 1, 1, 3, 1, 1, 2, 1, 4, 1, 1, 1, 1, 1, 1, 2, 1, 1, 1, 1, 2, 2, 1, 1, 1, 1, 1, 1, 2, 2, 1, 1, 1, 1, 1, 1, 1, 1, 1, 1, 1, 1, 1, 4, 1, 1, 2, 1, 1, 1, 1, 2, 1]",4,"[0.765, 0.175, 0.045, 0.015]"
Rgs12,"[4, 1, 1, 1, 1, 1, 1, 2, 1, 2, 3, 1, 2, 2, 2, 1, 1, 1, 1, 1, 1, 1, 1, 1, 1, 1, 2, 1, 1, 2, 1, 3, 1, 2, 1, 1, 1, 1, 4, 3, 1, 3, 1, 4, 1, 1, 2, 3, 1, 2, 1, 3, 1, 2, 1, 1, 1, 1, 1, 1, 1, 1, 1, 2, 1, 3, 1, 1, 1, 4, 3, 1, 1, 1, 1, 1, 1, 1, 1, 1, 3, 3, 1, 1, 1, 1, 1, 1, 3, 1, 1, 2, 3, 1, 4, 1, 1, 1, 1, 2, 3, 1, 1, 1, 1, 1, 1, 2, 3, 1, 4, 1, 1, 1, 1, 1, 1, 1, 1, 3, 1, 2, 1, 1, 1, 4, 2, 1, 1, 1, 1, 1, 1, 1, 1, 1, 1, 1, 1, 1, 2, 1, 1, 1, 1, 1, 1, 1, 1, 2, 1, 1, 1, 1, 1, 1, 2, 1, 1, 1, 1, 1, 1, 1, 1, 1, 1, 3, 1, 1, 3, 1, 1, 1, 1, 1, 2, 1, 1, 1, 1, 1, 1, 1, 1, 1, 1, 1, 1, 1, 3, 1, 2, 3, 1, 1, 1, 1, 1, 1]",4,"[0.76, 0.11, 0.095, 0.035]"
Rasgrf2,"[2, 1, 1, 2, 1, 1, 1, 5, 1, 4, 4, 1, 1, 1, 1, 1, 1, 1, 4, 1, 1, 1, 1, 1, 1, 1, 2, 1, 1, 1, 3, 3, 1, 4, 1, 2, 1, 1, 3, 3, 1, 1, 1, 4, 1, 1, 2, 1, 1, 2, 1, 4, 1, 1, 1, 1, 1, 1, 1, 1, 1, 3, 1, 3, 1, 4, 1, 1, 1, 1, 4, 1, 1, 1, 1, 1, 5, 1, 1, 1, 1, 5, 2, 1, 1, 1, 1, 1, 3, 1, 1, 1, 4, 1, 4, 1, 1, 2, 1, 2, 4, 1, 1, 1, 1, 1, 1, 1, 3, 1, 4, 1, 1, 1, 1, 1, 1, 1, 3, 2, 1, 1, 1, 1, 1, 3, 4, 1, 2, 1, 1, 1, 1, 1, 2, 1, 1, 3, 1, 1, 1, 1, 1, 1, 1, 1, 2, 1, 1, 1, 5, 1, 1, 1, 2, 3, 3, 1, 1, 1, 1, 1, 1, 1, 1, 1, 1, 4, 3, 1, 3, 1, 2, 1, 2, 1, 4, 3, 1, 1, 1, 2, 1, 1, 1, 1, 1, 1, 3, 1, 4, 1, 1, 1, 1, 1, 1, 1, 1, 1]",5,"[0.73, 0.085, 0.085, 0.08, 0.02]"
Slc39a6,"[3, 1, 1, 1, 1, 1, 1, 3, 1, 2, 2, 4, 1, 2, 1, 1, 2, 1, 3, 1, 1, 1, 1, 1, 1, 1, 3, 1, 1, 1, 3, 4, 2, 1, 1, 2, 1, 1, 3, 1, 1, 1, 1, 2, 1, 1, 3, 3, 1, 1, 1, 3, 1, 1, 1, 1, 1, 1, 1, 1, 1, 3, 1, 3, 1, 1, 2, 1, 1, 2, 3, 1, 3, 1, 1, 1, 1, 1, 2, 1, 3, 3, 1, 1, 1, 1, 1, 3, 3, 1, 1, 1, 2, 1, 3, 1, 1, 1, 1, 3, 3, 1, 1, 3, 2, 1, 1, 1, 3, 3, 3, 1, 1, 1, 1, 1, 1, 1, 3, 3, 1, 1, 1, 1, 2, 4, 3, 1, 3, 1, 1, 3, 1, 1, 1, 1, 1, 3, 1, 1, 1, 1, 3, 1, 1, 1, 1, 1, 1, 1, 3, 1, 1, 3, 1, 2, 3, 1, 3, 2, 1, 1, 1, 1, 1, 2, 1, 3, 4, 1, 1, 1, 1, 1, 2, 1, 3, 1, 1, 2, 3, 2, 1, 3, 3, 3, 2, 1, 3, 2, 3, 2, 2, 2, 2, 1, 2, 1, 1, 1]",4,"[0.635, 0.13, 0.215, 0.02]"
Rcan2,"[3, 2, 1, 1, 1, 1, 1, 3, 2, 3, 3, 2, 1, 1, 1, 1, 1, 1, 4, 1, 1, 1, 1, 3, 1, 1, 3, 2, 2, 1, 2, 2, 1, 3, 1, 1, 1, 2, 1, 3, 2, 1, 1, 4, 1, 1, 3, 1, 1, 1, 1, 3, 1, 1, 1, 2, 1, 1, 2, 1, 1, 3, 1, 3, 1, 2, 2, 1, 1, 3, 3, 1, 1, 2, 1, 2, 3, 1, 1, 1, 3, 4, 1, 1, 1, 1, 2, 1, 3, 1, 1, 1, 2, 1, 3, 1, 2, 2, 2, 3, 3, 3, 1, 2, 1, 1, 1, 2, 2, 1, 4, 1, 2, 1, 1, 1, 1, 1, 1, 3, 1, 1, 1, 2, 1, 3, 3, 2, 1, 1, 1, 1, 1, 2, 1, 1, 1, 4, 1, 1, 2, 1, 2, 1, 1, 2, 1, 1, 1, 1, 3, 1, 1, 3, 1, 3, 1, 1, 2, 1, 1, 3, 1, 1, 1, 1, 2, 3, 4, 2, 2, 1, 1, 1, 1, 1, 3, 3, 2, 2, 1, 2, 1, 2, 1, 1, 1, 2, 3, 1, 3, 2, 1, 2, 2, 2, 1, 1, 1, 1]",4,"[0.59, 0.215, 0.165, 0.03]"
Gad1,"[3, 1, 1, 1, 1, 1, 1, 4, 1, 4, 3, 3, 1, 1, 1, 1, 1, 1, 3, 1, 1, 1, 1, 1, 1, 1, 3, 1, 1, 1, 3, 3, 1, 3, 1, 3, 1, 1, 3, 3, 1, 1, 1, 3, 1, 1, 3, 1, 1, 1, 1, 3, 1, 1, 1, 1, 1, 2, 1, 1, 1, 3, 1, 3, 2, 3, 3, 1, 1, 3, 3, 1, 1, 1, 1, 1, 3, 1, 1, 1, 3, 3, 3, 1, 1, 1, 1, 1, 3, 1, 2, 1, 3, 1, 4, 1, 1, 1, 2, 3, 3, 1, 1, 2, 1, 1, 1, 1, 3, 1, 3, 1, 1, 1, 2, 1, 1, 3, 1, 3, 1, 1, 1, 2, 1, 3, 3, 1, 1, 1, 2, 1, 1, 1, 1, 1, 1, 3, 1, 1, 1, 1, 1, 2, 1, 1, 1, 1, 1, 1, 3, 1, 1, 3, 1, 3, 1, 1, 1, 1, 1, 1, 1, 1, 1, 1, 2, 3, 3, 1, 3, 1, 1, 1, 1, 2, 3, 3, 1, 1, 1, 3, 1, 1, 1, 1, 1, 1, 3, 1, 3, 1, 1, 3, 1, 1, 1, 1, 1, 1]",4,"[0.695, 0.055, 0.235, 0.015]"
Tac2,"[1, 1, 1, 1, 2, 1, 1, 1, 1, 1, 1, 2, 1, 1, 1, 1, 1, 1, 1, 1, 1, 1, 1, 1, 1, 1, 1, 1, 1, 1, 1, 1, 1, 3, 1, 1, 1, 1, 2, 2, 1, 1, 1, 1, 1, 1, 1, 1, 1, 1, 1, 1, 1, 1, 1, 1, 1, 1, 1, 1, 1, 1, 1, 1, 1, 1, 1, 1, 1, 1, 3, 1, 1, 1, 2, 1, 1, 1, 1, 1, 1, 1, 1, 1, 1, 1, 1, 1, 1, 1, 1, 1, 1, 1, 3, 1, 1, 1, 1, 1, 2, 1, 1, 1, 1, 1, 1, 1, 1, 1, 1, 1, 1, 1, 1, 1, 1, 1, 1, 1, 1, 1, 1, 1, 1, 2, 1, 1, 1, 1, 1, 1, 1, 1, 1, 1, 1, 1, 1, 1, 1, 1, 1, 2, 1, 1, 1, 1, 1, 1, 1, 1, 1, 1, 1, 1, 1, 1, 1, 1, 1, 1, 1, 1, 1, 1, 1, 1, 1, 1, 3, 1, 1, 1, 1, 1, 1, 1, 1, 1, 1, 1, 1, 1, 1, 1, 1, 1, 1, 1, 3, 1, 1, 2, 1, 1, 1, 1, 1, 1]",3,"[0.93, 0.045, 0.025]"
Sema3c,"[1, 1, 1, 2, 2, 1, 1, 3, 1, 3, 3, 3, 1, 1, 1, 1, 1, 1, 2, 1, 1, 1, 1, 1, 1, 1, 3, 1, 1, 1, 2, 2, 1, 3, 1, 3, 1, 1, 3, 3, 1, 1, 1, 1, 1, 1, 2, 1, 1, 1, 1, 4, 1, 1, 1, 1, 1, 1, 1, 1, 1, 1, 1, 2, 1, 3, 3, 1, 1, 3, 4, 1, 2, 1, 1, 1, 3, 1, 1, 1, 1, 3, 3, 1, 1, 2, 1, 2, 3, 1, 1, 1, 3, 1, 3, 1, 1, 1, 1, 3, 3, 1, 1, 1, 1, 1, 1, 1, 3, 1, 3, 3, 1, 1, 1, 1, 1, 1, 1, 1, 1, 1, 1, 1, 1, 3, 3, 1, 1, 1, 1, 1, 1, 1, 1, 1, 1, 1, 1, 1, 1, 1, 1, 1, 1, 1, 1, 1, 1, 1, 3, 1, 1, 1, 1, 3, 1, 1, 1, 1, 1, 1, 1, 1, 1, 1, 1, 1, 1, 1, 1, 1, 1, 1, 1, 1, 3, 2, 1, 1, 1, 2, 1, 1, 1, 1, 1, 1, 1, 1, 3, 1, 1, 1, 1, 1, 1, 1, 1, 1]",4,"[0.785, 0.06, 0.145, 0.01]"
Ptprm,"[1, 1, 1, 1, 1, 1, 1, 5, 1, 4, 2, 3, 1, 1, 1, 1, 1, 1, 3, 1, 1, 1, 1, 1, 1, 1, 1, 1, 1, 1, 2, 2, 1, 2, 1, 1, 2, 1, 3, 3, 1, 1, 1, 4, 1, 1, 4, 1, 1, 1, 1, 4, 1, 1, 1, 1, 2, 1, 1, 1, 1, 3, 1, 2, 1, 1, 4, 1, 2, 2, 1, 1, 1, 1, 1, 1, 3, 1, 2, 1, 1, 3, 2, 1, 1, 1, 1, 1, 1, 1, 1, 1, 3, 1, 5, 1, 1, 1, 2, 4, 2, 1, 1, 1, 1, 1, 1, 1, 3, 1, 3, 2, 1, 1, 1, 1, 1, 1, 1, 1, 1, 1, 1, 1, 1, 3, 4, 1, 1, 1, 1, 1, 1, 1, 1, 1, 1, 2, 1, 1, 1, 2, 1, 1, 1, 1, 1, 1, 1, 1, 5, 2, 1, 4, 1, 2, 1, 1, 1, 1, 1, 1, 1, 1, 1, 1, 2, 2, 3, 1, 2, 1, 2, 1, 1, 1, 3, 2, 1, 1, 1, 1, 1, 1, 1, 1, 1, 1, 2, 1, 3, 1, 1, 1, 1, 1, 1, 1, 2, 1]",5,"[0.75, 0.125, 0.07, 0.04, 0.015]"
Cplx1,"[3, 1, 1, 3, 1, 1, 1, 4, 1, 4, 2, 3, 1, 2, 1, 1, 2, 1, 5, 1, 1, 1, 1, 1, 1, 1, 4, 1, 1, 1, 4, 4, 1, 4, 2, 3, 1, 1, 4, 4, 1, 1, 1, 4, 1, 1, 3, 2, 1, 1, 2, 4, 2, 3, 2, 1, 1, 1, 1, 1, 1, 4, 4, 4, 1, 3, 4, 1, 1, 2, 4, 1, 3, 1, 3, 1, 4, 1, 1, 1, 5, 4, 3, 1, 3, 2, 1, 4, 3, 1, 1, 1, 2, 2, 5, 1, 1, 1, 1, 4, 4, 1, 2, 1, 3, 1, 1, 1, 2, 1, 4, 1, 1, 1, 1, 1, 2, 3, 2, 3, 1, 1, 2, 1, 2, 3, 4, 2, 1, 1, 1, 3, 1, 1, 1, 1, 1, 5, 2, 1, 1, 1, 1, 2, 1, 1, 2, 1, 1, 1, 4, 1, 1, 3, 1, 4, 4, 1, 4, 1, 3, 1, 1, 1, 1, 2, 1, 4, 5, 1, 3, 1, 1, 1, 1, 1, 2, 3, 1, 1, 3, 2, 1, 1, 2, 1, 1, 1, 4, 2, 4, 1, 1, 3, 1, 1, 1, 1, 1, 1]",5,"[0.58, 0.135, 0.115, 0.145, 0.025]"
Col19a1,"[2, 1, 1, 1, 1, 1, 1, 2, 1, 2, 3, 1, 1, 1, 1, 1, 1, 1, 2, 1, 1, 1, 1, 1, 1, 1, 1, 1, 1, 1, 1, 3, 1, 2, 1, 1, 1, 1, 1, 1, 1, 1, 1, 3, 1, 1, 2, 1, 1, 2, 1, 1, 1, 1, 1, 1, 1, 1, 1, 1, 1, 2, 1, 2, 1, 2, 1, 1, 1, 2, 1, 1, 1, 1, 1, 1, 1, 1, 1, 1, 2, 3, 2, 1, 1, 1, 1, 1, 3, 1, 1, 1, 1, 1, 2, 1, 1, 1, 1, 2, 3, 1, 1, 1, 1, 1, 1, 1, 1, 1, 3, 1, 1, 1, 1, 1, 1, 1, 1, 2, 1, 1, 1, 1, 1, 1, 1, 1, 1, 1, 1, 1, 1, 1, 1, 1, 1, 2, 1, 1, 1, 1, 1, 1, 1, 1, 1, 1, 1, 1, 1, 1, 1, 2, 1, 1, 1, 1, 1, 1, 1, 1, 1, 1, 1, 1, 1, 2, 3, 1, 1, 1, 1, 1, 1, 1, 1, 2, 1, 1, 1, 2, 1, 1, 1, 1, 1, 2, 3, 1, 3, 1, 1, 1, 1, 1, 1, 1, 1, 1]",3,"[0.84, 0.11, 0.05]"
Rph3a,"[3, 1, 1, 1, 1, 1, 1, 3, 1, 3, 3, 2, 1, 1, 1, 1, 1, 1, 4, 3, 1, 1, 1, 1, 2, 1, 3, 1, 1, 1, 3, 2, 1, 3, 1, 2, 1, 1, 4, 3, 1, 1, 1, 3, 1, 1, 2, 1, 1, 2, 2, 3, 1, 1, 2, 1, 1, 1, 1, 1, 1, 2, 1, 3, 1, 3, 3, 2, 1, 2, 3, 1, 1, 1, 1, 1, 2, 1, 1, 1, 3, 3, 1, 1, 1, 1, 1, 1, 2, 1, 1, 1, 3, 1, 3, 1, 1, 1, 1, 3, 3, 1, 1, 1, 1, 1, 2, 1, 3, 1, 4, 1, 1, 1, 1, 1, 1, 1, 2, 2, 1, 1, 1, 1, 1, 4, 3, 1, 1, 1, 1, 1, 2, 1, 1, 1, 1, 3, 1, 1, 1, 1, 1, 1, 1, 1, 1, 1, 1, 1, 3, 1, 1, 2, 1, 3, 1, 1, 1, 1, 1, 1, 1, 1, 1, 1, 1, 3, 2, 1, 2, 1, 1, 1, 2, 1, 2, 3, 1, 1, 1, 2, 1, 1, 1, 1, 1, 1, 2, 1, 3, 1, 1, 2, 1, 1, 1, 1, 1, 1]",4,"[0.71, 0.125, 0.145, 0.02]"
Setd7,"[2, 2, 1, 3, 2, 2, 1, 4, 1, 4, 3, 1, 1, 2, 1, 1, 1, 1, 5, 1, 1, 1, 1, 1, 1, 2, 4, 1, 1, 1, 4, 5, 2, 3, 3, 2, 1, 1, 2, 3, 2, 1, 2, 3, 1, 1, 3, 4, 1, 4, 1, 5, 1, 1, 1, 1, 2, 1, 1, 2, 1, 3, 3, 1, 3, 3, 4, 2, 1, 3, 5, 1, 2, 1, 2, 2, 5, 1, 2, 1, 4, 5, 3, 2, 4, 1, 1, 2, 3, 2, 1, 1, 3, 1, 2, 1, 2, 2, 1, 4, 3, 1, 2, 1, 3, 2, 1, 1, 1, 2, 4, 1, 1, 1, 1, 2, 2, 1, 4, 2, 1, 1, 1, 1, 3, 4, 4, 1, 1, 1, 1, 2, 2, 2, 1, 2, 4, 1, 1, 1, 1, 1, 1, 1, 1, 1, 2, 1, 1, 1, 4, 1, 1, 2, 1, 4, 2, 3, 3, 3, 2, 1, 1, 1, 1, 1, 1, 2, 4, 2, 3, 3, 1, 1, 1, 1, 1, 3, 2, 1, 3, 2, 1, 3, 2, 1, 2, 1, 4, 2, 4, 1, 1, 2, 1, 2, 1, 1, 1, 3]",5,"[0.5, 0.235, 0.135, 0.1, 0.03]"
Gad2,"[2, 2, 1, 1, 1, 1, 1, 3, 1, 3, 3, 3, 1, 1, 1, 1, 1, 1, 3, 1, 1, 1, 1, 1, 1, 1, 2, 1, 1, 1, 3, 3, 1, 3, 1, 2, 1, 1, 3, 3, 1, 1, 1, 3, 1, 1, 3, 1, 1, 1, 1, 3, 1, 1, 1, 1, 1, 1, 1, 2, 1, 3, 1, 3, 1, 2, 3, 1, 1, 3, 3, 1, 1, 1, 1, 1, 2, 1, 1, 1, 2, 3, 2, 1, 1, 1, 1, 1, 2, 1, 1, 1, 2, 1, 3, 1, 1, 2, 1, 3, 2, 1, 1, 1, 1, 1, 1, 1, 3, 1, 3, 1, 1, 1, 1, 1, 1, 1, 1, 3, 1, 1, 1, 1, 1, 3, 3, 1, 1, 1, 1, 1, 1, 1, 1, 1, 1, 3, 2, 1, 1, 1, 1, 1, 1, 1, 2, 1, 1, 1, 3, 1, 1, 2, 1, 3, 1, 1, 1, 1, 1, 1, 1, 1, 1, 1, 1, 3, 3, 1, 2, 1, 1, 1, 1, 1, 3, 2, 1, 1, 1, 2, 1, 1, 1, 1, 1, 1, 3, 1, 3, 1, 1, 2, 1, 1, 1, 1, 1, 2]",3,"[0.725, 0.105, 0.17]"
Phyhipl,"[4, 1, 1, 2, 1, 1, 1, 4, 2, 3, 3, 3, 2, 1, 1, 1, 1, 2, 5, 2, 1, 2, 2, 4, 3, 1, 2, 1, 1, 2, 1, 5, 2, 3, 1, 2, 2, 1, 3, 4, 3, 3, 1, 4, 1, 1, 2, 3, 1, 2, 1, 4, 1, 2, 4, 2, 1, 2, 1, 2, 1, 3, 3, 3, 3, 3, 3, 1, 1, 3, 5, 1, 1, 1, 1, 2, 4, 2, 2, 2, 5, 5, 2, 1, 1, 1, 3, 1, 3, 1, 1, 2, 2, 3, 3, 3, 1, 1, 1, 2, 4, 1, 2, 3, 1, 2, 1, 1, 3, 2, 4, 1, 1, 1, 4, 1, 1, 1, 3, 3, 1, 1, 1, 2, 2, 3, 2, 1, 1, 3, 1, 1, 1, 1, 1, 1, 2, 4, 3, 2, 1, 1, 3, 2, 1, 1, 1, 1, 1, 2, 3, 2, 2, 1, 2, 3, 1, 2, 3, 3, 1, 3, 1, 1, 1, 2, 2, 5, 5, 1, 2, 1, 1, 1, 2, 1, 3, 3, 1, 2, 2, 2, 2, 2, 1, 1, 1, 1, 4, 1, 4, 2, 2, 2, 2, 3, 2, 1, 1, 3]",5,"[0.435, 0.27, 0.19, 0.07, 0.035]"
Pak1,"[1, 2, 1, 3, 2, 2, 2, 2, 1, 3, 3, 1, 1, 3, 2, 1, 3, 1, 4, 2, 1, 1, 1, 3, 3, 2, 3, 1, 1, 1, 3, 2, 3, 2, 3, 2, 1, 1, 1, 2, 2, 1, 2, 3, 2, 1, 2, 4, 1, 2, 3, 2, 1, 3, 1, 2, 3, 1, 2, 3, 2, 3, 4, 3, 2, 3, 2, 1, 1, 2, 2, 1, 4, 2, 3, 2, 1, 1, 1, 2, 2, 3, 2, 1, 3, 3, 1, 4, 1, 2, 1, 1, 2, 3, 2, 2, 1, 1, 1, 3, 2, 2, 2, 2, 3, 2, 1, 2, 2, 3, 3, 1, 2, 1, 1, 2, 3, 1, 4, 3, 1, 1, 2, 1, 2, 2, 2, 2, 3, 1, 1, 4, 2, 2, 2, 2, 2, 2, 2, 3, 2, 1, 1, 2, 2, 2, 3, 1, 2, 2, 2, 1, 1, 1, 1, 3, 4, 3, 4, 3, 3, 2, 1, 1, 1, 3, 2, 3, 3, 1, 2, 1, 2, 2, 4, 1, 1, 2, 2, 2, 3, 2, 3, 1, 4, 3, 2, 1, 3, 2, 4, 2, 2, 3, 1, 2, 1, 1, 2, 1]",4,"[0.33, 0.385, 0.225, 0.06]"
Tanc2,"[2, 1, 3, 4, 1, 1, 2, 3, 2, 3, 2, 1, 2, 2, 2, 1, 2, 2, 4, 1, 1, 2, 1, 1, 2, 1, 1, 1, 2, 1, 2, 1, 3, 2, 2, 2, 1, 2, 3, 2, 1, 1, 3, 3, 1, 1, 2, 4, 1, 2, 2, 2, 1, 3, 2, 2, 2, 1, 2, 2, 1, 2, 3, 3, 1, 2, 2, 2, 2, 3, 3, 1, 4, 2, 2, 2, 3, 1, 1, 2, 1, 3, 2, 2, 4, 2, 1, 3, 2, 2, 1, 2, 2, 2, 3, 1, 1, 2, 1, 4, 2, 2, 2, 1, 3, 1, 1, 1, 2, 3, 3, 2, 2, 1, 1, 3, 3, 1, 4, 3, 1, 2, 2, 1, 2, 3, 3, 3, 3, 1, 1, 2, 1, 2, 1, 2, 1, 2, 1, 3, 1, 1, 1, 2, 1, 1, 2, 1, 1, 2, 2, 2, 1, 1, 1, 4, 3, 4, 4, 2, 2, 1, 3, 1, 1, 2, 1, 2, 2, 1, 2, 1, 2, 2, 3, 1, 3, 2, 1, 1, 3, 2, 2, 1, 3, 2, 2, 1, 4, 2, 4, 2, 2, 2, 1, 1, 1, 1, 2, 1]",4,"[0.37, 0.405, 0.165, 0.06]"
Hnrnph1,"[2, 1, 3, 3, 1, 1, 2, 4, 2, 1, 2, 2, 1, 2, 1, 1, 2, 2, 4, 1, 2, 1, 1, 1, 3, 1, 2, 1, 1, 2, 3, 1, 3, 1, 2, 2, 2, 1, 2, 3, 2, 1, 1, 2, 1, 1, 2, 3, 1, 2, 2, 3, 1, 2, 2, 1, 2, 1, 2, 2, 1, 2, 4, 3, 1, 1, 3, 2, 2, 3, 2, 1, 3, 2, 2, 1, 2, 1, 1, 1, 2, 2, 1, 2, 4, 1, 3, 4, 2, 2, 1, 1, 2, 3, 2, 2, 1, 2, 1, 2, 2, 1, 2, 1, 3, 1, 1, 2, 1, 3, 3, 2, 2, 1, 1, 2, 3, 2, 4, 1, 1, 1, 2, 1, 2, 4, 2, 3, 4, 1, 1, 2, 1, 1, 2, 2, 2, 2, 1, 3, 1, 2, 2, 3, 1, 1, 3, 2, 2, 3, 2, 1, 1, 2, 2, 3, 4, 2, 4, 3, 2, 1, 1, 2, 1, 2, 2, 2, 3, 1, 2, 2, 1, 1, 3, 2, 2, 2, 2, 1, 4, 1, 2, 2, 4, 2, 2, 1, 4, 3, 3, 1, 2, 3, 2, 2, 2, 1, 1, 2]",4,"[0.36, 0.425, 0.15, 0.065]"
Arhgef12,"[4, 1, 2, 3, 1, 3, 2, 1, 3, 3, 3, 2, 2, 2, 2, 2, 3, 3, 5, 1, 1, 1, 2, 1, 2, 1, 3, 1, 1, 2, 3, 3, 1, 2, 2, 2, 3, 2, 3, 3, 2, 1, 3, 3, 2, 1, 1, 3, 1, 1, 2, 3, 1, 2, 2, 3, 2, 3, 1, 1, 1, 3, 5, 3, 1, 2, 3, 1, 1, 1, 5, 1, 3, 3, 3, 1, 3, 3, 3, 1, 5, 3, 1, 1, 4, 3, 1, 4, 3, 3, 2, 2, 3, 3, 4, 1, 1, 1, 1, 2, 4, 3, 3, 1, 3, 1, 2, 1, 3, 4, 3, 3, 1, 1, 2, 3, 4, 1, 3, 3, 1, 2, 2, 2, 2, 4, 5, 3, 3, 1, 1, 3, 2, 3, 3, 3, 1, 3, 1, 3, 1, 1, 1, 3, 1, 3, 3, 1, 3, 2, 3, 2, 1, 1, 3, 5, 3, 2, 4, 1, 3, 3, 1, 3, 2, 3, 3, 3, 5, 2, 3, 1, 1, 2, 4, 1, 2, 3, 1, 1, 4, 3, 2, 1, 3, 1, 1, 3, 3, 2, 2, 1, 1, 2, 1, 2, 3, 2, 1, 4]",5,"[0.33, 0.22, 0.355, 0.06, 0.035]"
Srsf1,"[2, 1, 1, 3, 1, 2, 3, 3, 2, 4, 3, 3, 1, 2, 1, 1, 3, 3, 4, 1, 2, 1, 1, 2, 3, 1, 3, 1, 1, 2, 3, 2, 2, 2, 4, 2, 1, 1, 2, 3, 1, 1, 2, 3, 1, 2, 1, 4, 2, 2, 3, 3, 1, 2, 1, 1, 2, 1, 1, 3, 1, 2, 4, 2, 2, 1, 1, 1, 2, 2, 4, 2, 3, 1, 3, 2, 2, 2, 1, 2, 2, 3, 2, 2, 2, 2, 1, 2, 3, 2, 1, 1, 3, 3, 3, 1, 1, 1, 1, 3, 1, 1, 1, 2, 3, 2, 1, 2, 2, 2, 4, 1, 2, 1, 1, 3, 3, 2, 3, 2, 2, 2, 3, 2, 2, 2, 2, 2, 2, 1, 1, 2, 1, 2, 1, 3, 2, 1, 1, 2, 2, 1, 1, 2, 2, 2, 2, 1, 1, 2, 2, 2, 2, 2, 1, 2, 3, 3, 4, 1, 2, 1, 1, 2, 1, 3, 1, 3, 3, 1, 3, 1, 1, 1, 1, 1, 2, 2, 1, 1, 3, 2, 2, 1, 3, 1, 2, 1, 1, 4, 2, 1, 1, 1, 2, 2, 1, 1, 2, 1]",4,"[0.385, 0.385, 0.185, 0.045]"
Lrrc4c,"[1, 1, 1, 4, 1, 1, 1, 1, 2, 3, 1, 2, 1, 3, 2, 1, 2, 1, 1, 1, 1, 1, 2, 1, 4, 1, 3, 1, 1, 1, 4, 1, 3, 2, 4, 1, 1, 1, 2, 3, 1, 1, 1, 4, 1, 1, 1, 4, 1, 3, 1, 1, 1, 2, 1, 1, 4, 1, 1, 1, 1, 1, 4, 2, 1, 3, 1, 1, 1, 2, 1, 1, 3, 1, 4, 1, 3, 1, 1, 1, 3, 3, 1, 1, 4, 2, 1, 4, 1, 2, 1, 1, 1, 3, 2, 1, 1, 1, 1, 2, 2, 1, 1, 2, 3, 1, 1, 1, 3, 3, 3, 1, 1, 1, 1, 2, 2, 3, 3, 2, 1, 1, 2, 1, 3, 3, 1, 3, 3, 1, 1, 3, 1, 1, 1, 3, 1, 3, 2, 4, 1, 1, 1, 3, 1, 1, 3, 1, 1, 2, 3, 1, 1, 1, 1, 1, 3, 2, 4, 2, 4, 1, 1, 1, 1, 3, 1, 1, 3, 1, 3, 2, 1, 2, 3, 1, 1, 2, 2, 1, 2, 2, 2, 1, 3, 3, 3, 2, 4, 3, 4, 1, 3, 3, 1, 3, 1, 1, 1, 1]",4,"[0.56, 0.16, 0.2, 0.08]"
Usp2,"[1, 2, 1, 4, 1, 3, 1, 1, 2, 1, 1, 2, 1, 1, 3, 1, 2, 2, 1, 1, 1, 2, 1, 1, 4, 2, 1, 1, 1, 1, 2, 1, 3, 1, 3, 1, 2, 1, 3, 4, 1, 1, 2, 1, 1, 1, 1, 4, 2, 3, 1, 3, 1, 2, 1, 1, 2, 1, 1, 1, 1, 1, 4, 3, 1, 1, 1, 1, 1, 3, 2, 1, 4, 1, 3, 1, 1, 1, 1, 1, 2, 1, 2, 2, 4, 2, 2, 3, 1, 1, 1, 2, 1, 3, 3, 1, 1, 1, 2, 2, 2, 2, 3, 1, 3, 1, 2, 1, 3, 3, 2, 1, 1, 1, 1, 3, 3, 2, 4, 1, 1, 2, 1, 1, 3, 3, 4, 3, 1, 1, 1, 2, 1, 1, 1, 3, 1, 1, 2, 1, 2, 1, 1, 4, 1, 1, 2, 2, 1, 4, 1, 3, 1, 1, 1, 3, 3, 3, 4, 3, 4, 2, 3, 1, 1, 2, 1, 1, 2, 1, 3, 1, 1, 1, 4, 1, 3, 1, 1, 1, 2, 2, 1, 1, 2, 1, 2, 1, 1, 1, 3, 1, 2, 3, 1, 1, 1, 1, 1, 2]",4,"[0.555, 0.21, 0.165, 0.07]"
Gabra1,"[2, 2, 1, 4, 3, 1, 3, 3, 2, 3, 3, 4, 1, 3, 3, 1, 3, 2, 1, 1, 1, 1, 1, 1, 3, 1, 5, 1, 1, 1, 3, 2, 3, 3, 4, 3, 1, 1, 4, 5, 1, 1, 3, 4, 1, 1, 3, 5, 2, 3, 3, 3, 1, 4, 1, 1, 3, 1, 1, 4, 1, 2, 4, 4, 1, 1, 5, 3, 1, 2, 3, 1, 4, 2, 4, 1, 2, 1, 1, 1, 5, 3, 3, 1, 4, 3, 1, 3, 2, 3, 1, 2, 3, 4, 5, 1, 1, 1, 1, 5, 3, 1, 3, 1, 3, 2, 1, 1, 4, 3, 3, 1, 1, 1, 1, 3, 3, 4, 4, 3, 1, 1, 4, 1, 3, 4, 4, 2, 3, 1, 1, 3, 1, 1, 3, 3, 1, 4, 2, 3, 1, 1, 1, 3, 2, 1, 3, 1, 1, 3, 3, 2, 1, 3, 3, 5, 3, 3, 4, 4, 5, 1, 1, 1, 1, 1, 1, 4, 5, 1, 3, 3, 3, 3, 4, 1, 3, 4, 1, 1, 3, 1, 3, 1, 4, 1, 4, 1, 4, 3, 3, 2, 3, 3, 1, 1, 1, 1, 1, 1]",5,"[0.42, 0.09, 0.3, 0.14, 0.05]"
Slitrk4,"[1, 2, 1, 2, 1, 1, 1, 2, 1, 1, 1, 2, 1, 2, 1, 1, 2, 1, 3, 1, 1, 1, 1, 1, 2, 1, 2, 1, 1, 1, 3, 3, 2, 3, 2, 2, 1, 1, 3, 2, 1, 1, 2, 2, 1, 1, 2, 2, 1, 2, 1, 2, 1, 3, 1, 1, 2, 1, 1, 2, 1, 1, 2, 1, 1, 1, 2, 1, 1, 2, 1, 1, 3, 1, 3, 1, 1, 1, 1, 1, 1, 1, 1, 1, 3, 1, 1, 3, 1, 1, 1, 1, 2, 2, 3, 1, 1, 1, 1, 3, 1, 1, 1, 2, 2, 1, 1, 1, 2, 2, 2, 1, 1, 1, 1, 2, 1, 1, 3, 3, 1, 1, 2, 1, 2, 2, 2, 2, 2, 1, 1, 2, 1, 1, 2, 2, 1, 2, 1, 2, 1, 1, 1, 2, 1, 1, 2, 1, 1, 2, 1, 2, 1, 1, 1, 2, 3, 2, 3, 2, 2, 1, 1, 1, 1, 1, 1, 2, 3, 1, 2, 1, 1, 1, 2, 1, 2, 2, 1, 1, 3, 2, 2, 1, 3, 1, 2, 1, 2, 2, 2, 1, 1, 3, 1, 1, 1, 1, 1, 1]",3,"[0.595, 0.305, 0.1]"
Plcb1,"[1, 2, 1, 4, 1, 2, 3, 4, 2, 3, 1, 2, 1, 3, 2, 1, 3, 1, 4, 2, 1, 2, 1, 3, 3, 2, 3, 1, 2, 1, 3, 1, 3, 1, 3, 2, 1, 1, 2, 3, 1, 2, 1, 2, 1, 1, 3, 4, 1, 1, 3, 3, 1, 4, 2, 1, 3, 1, 1, 2, 1, 2, 4, 3, 1, 2, 4, 1, 1, 1, 3, 1, 3, 1, 3, 1, 3, 2, 1, 1, 1, 2, 2, 2, 4, 3, 1, 4, 1, 2, 2, 1, 1, 3, 3, 1, 1, 1, 1, 3, 2, 1, 3, 1, 3, 1, 1, 1, 1, 4, 1, 1, 2, 2, 1, 3, 4, 3, 4, 2, 1, 1, 2, 1, 1, 3, 4, 3, 3, 1, 1, 4, 2, 1, 2, 2, 1, 3, 1, 3, 1, 1, 1, 3, 1, 1, 3, 2, 1, 2, 3, 2, 1, 2, 2, 4, 4, 3, 4, 4, 3, 1, 1, 2, 1, 2, 1, 2, 3, 2, 1, 2, 1, 2, 4, 1, 2, 2, 1, 1, 4, 1, 2, 2, 3, 3, 1, 2, 3, 2, 3, 1, 3, 3, 1, 1, 2, 3, 1, 1]",4,"[0.425, 0.245, 0.23, 0.1]"
Nbr1,"[1, 1, 1, 2, 2, 1, 2, 2, 2, 3, 3, 1, 1, 2, 1, 1, 1, 3, 2, 1, 2, 2, 1, 1, 2, 2, 2, 1, 1, 1, 3, 1, 2, 2, 4, 1, 1, 2, 1, 3, 1, 1, 1, 2, 2, 1, 1, 1, 1, 1, 2, 2, 1, 3, 1, 1, 3, 1, 2, 1, 2, 2, 4, 2, 1, 2, 4, 2, 1, 1, 4, 1, 3, 2, 3, 2, 3, 1, 2, 1, 2, 2, 1, 1, 3, 2, 2, 4, 2, 2, 1, 1, 2, 2, 1, 1, 1, 2, 1, 3, 2, 2, 3, 3, 2, 4, 1, 1, 2, 3, 3, 1, 2, 2, 1, 3, 1, 2, 3, 1, 3, 2, 2, 2, 2, 2, 1, 2, 1, 1, 1, 1, 2, 1, 1, 1, 2, 3, 1, 1, 2, 1, 2, 1, 2, 2, 1, 1, 2, 2, 3, 2, 2, 1, 2, 2, 2, 3, 2, 1, 2, 1, 1, 1, 1, 1, 2, 2, 2, 1, 2, 1, 1, 2, 2, 1, 2, 1, 2, 2, 2, 2, 2, 1, 2, 2, 2, 1, 2, 2, 2, 1, 1, 3, 2, 1, 2, 1, 1, 1]",4,"[0.43, 0.425, 0.115, 0.03]"
9330159F19Rik,"[1, 2, 2, 4, 1, 1, 1, 3, 4, 1, 2, 2, 2, 1, 2, 1, 2, 2, 3, 1, 1, 2, 1, 3, 4, 2, 3, 1, 1, 1, 4, 1, 3, 2, 3, 2, 1, 1, 2, 1, 2, 2, 4, 1, 1, 1, 1, 5, 1, 2, 2, 1, 1, 4, 1, 1, 1, 1, 1, 2, 1, 1, 5, 2, 1, 2, 3, 2, 1, 2, 2, 1, 4, 2, 3, 2, 2, 4, 1, 1, 2, 2, 1, 1, 4, 2, 1, 3, 1, 2, 2, 1, 1, 3, 2, 2, 1, 2, 1, 3, 2, 1, 4, 1, 4, 1, 1, 1, 3, 3, 4, 1, 1, 1, 1, 4, 2, 1, 4, 2, 1, 2, 1, 1, 3, 2, 4, 4, 4, 3, 1, 4, 3, 3, 2, 4, 1, 1, 1, 2, 1, 1, 3, 2, 1, 1, 2, 1, 1, 2, 1, 1, 2, 2, 1, 3, 4, 4, 4, 3, 4, 1, 1, 1, 1, 3, 1, 1, 4, 1, 1, 4, 2, 3, 3, 1, 2, 2, 1, 1, 2, 3, 3, 1, 4, 1, 1, 2, 4, 2, 1, 1, 2, 3, 1, 2, 2, 1, 1, 1]",5,"[0.45, 0.275, 0.13, 0.135, 0.01]"
Etnk1,"[3, 1, 3, 4, 1, 3, 3, 4, 1, 5, 3, 1, 1, 2, 2, 1, 3, 2, 5, 3, 1, 3, 2, 1, 3, 3, 3, 1, 2, 1, 4, 4, 4, 1, 3, 3, 1, 1, 4, 2, 1, 1, 2, 5, 1, 1, 2, 4, 3, 1, 3, 3, 1, 2, 2, 1, 3, 1, 2, 3, 1, 3, 3, 3, 2, 2, 3, 1, 3, 1, 5, 1, 4, 1, 2, 1, 3, 1, 2, 1, 3, 4, 2, 1, 3, 3, 3, 4, 2, 3, 2, 1, 3, 3, 4, 2, 1, 1, 1, 3, 3, 1, 3, 1, 3, 1, 1, 1, 1, 3, 4, 2, 3, 3, 1, 2, 3, 3, 4, 2, 1, 1, 2, 1, 1, 4, 3, 3, 3, 1, 1, 3, 2, 1, 3, 4, 3, 3, 1, 2, 2, 2, 1, 3, 1, 3, 3, 1, 1, 1, 5, 2, 1, 2, 1, 3, 5, 1, 4, 3, 4, 1, 1, 1, 2, 3, 1, 3, 5, 1, 3, 3, 2, 1, 2, 1, 3, 3, 1, 2, 2, 3, 1, 1, 4, 3, 1, 1, 4, 4, 4, 2, 3, 3, 3, 1, 1, 1, 1, 1]",5,"[0.37, 0.175, 0.315, 0.105, 0.035]"
Scn8a,"[2, 1, 2, 5, 1, 3, 4, 3, 1, 3, 2, 1, 1, 3, 3, 3, 4, 2, 5, 2, 2, 3, 1, 1, 4, 2, 4, 1, 1, 2, 4, 1, 5, 2, 3, 2, 1, 3, 3, 4, 1, 2, 4, 4, 1, 1, 3, 5, 2, 3, 2, 1, 2, 4, 1, 1, 3, 1, 1, 3, 1, 2, 5, 3, 2, 3, 3, 1, 1, 1, 3, 1, 5, 1, 5, 1, 1, 1, 1, 2, 3, 3, 3, 1, 5, 3, 1, 5, 1, 2, 1, 2, 1, 5, 4, 1, 1, 1, 1, 3, 1, 1, 2, 3, 5, 1, 1, 1, 3, 5, 3, 3, 1, 1, 1, 5, 4, 3, 5, 3, 1, 1, 4, 1, 3, 3, 3, 3, 5, 2, 1, 4, 1, 1, 3, 4, 1, 2, 2, 5, 2, 1, 1, 4, 1, 1, 3, 1, 1, 3, 3, 2, 1, 1, 2, 5, 4, 4, 5, 3, 5, 1, 2, 2, 1, 3, 1, 2, 5, 1, 1, 2, 1, 3, 5, 1, 3, 3, 1, 1, 4, 2, 4, 1, 5, 3, 3, 1, 4, 4, 5, 1, 3, 3, 2, 2, 1, 1, 1, 1]",5,"[0.385, 0.165, 0.23, 0.105, 0.115]"
Fgf13,"[1, 1, 1, 3, 1, 1, 3, 4, 1, 4, 1, 3, 2, 1, 2, 1, 2, 1, 1, 1, 1, 1, 1, 1, 2, 1, 1, 1, 1, 1, 2, 4, 1, 1, 2, 1, 1, 1, 2, 3, 1, 1, 1, 1, 1, 1, 4, 3, 1, 1, 1, 1, 1, 1, 1, 1, 1, 1, 1, 1, 1, 2, 4, 3, 1, 1, 4, 1, 1, 2, 2, 1, 2, 1, 4, 1, 1, 1, 1, 1, 4, 2, 1, 1, 3, 1, 1, 2, 1, 2, 1, 1, 1, 2, 4, 1, 1, 1, 1, 4, 3, 1, 2, 1, 2, 1, 2, 1, 2, 2, 2, 1, 1, 1, 1, 2, 2, 1, 3, 1, 1, 1, 1, 1, 1, 3, 4, 1, 2, 1, 1, 2, 1, 1, 1, 2, 1, 1, 1, 2, 1, 1, 1, 2, 1, 1, 2, 1, 1, 1, 3, 1, 1, 2, 1, 3, 2, 3, 3, 1, 2, 1, 1, 1, 1, 1, 1, 3, 1, 1, 1, 2, 1, 2, 2, 1, 2, 2, 1, 1, 3, 1, 1, 1, 1, 1, 3, 1, 2, 1, 2, 1, 2, 2, 1, 1, 1, 1, 1, 1]",4,"[0.655, 0.205, 0.085, 0.055]"
Cyp46a1,"[1, 3, 2, 3, 1, 2, 2, 4, 1, 4, 1, 2, 1, 1, 1, 1, 3, 1, 5, 1, 1, 2, 1, 1, 1, 1, 3, 1, 1, 1, 2, 3, 2, 2, 1, 1, 1, 1, 2, 3, 1, 1, 1, 1, 2, 1, 3, 3, 1, 2, 1, 1, 1, 3, 1, 1, 3, 1, 1, 1, 1, 2, 5, 3, 1, 1, 3, 1, 1, 3, 4, 1, 4, 1, 3, 2, 1, 1, 1, 1, 4, 1, 1, 1, 4, 1, 1, 4, 1, 1, 1, 1, 1, 2, 3, 2, 1, 1, 1, 3, 1, 2, 3, 1, 3, 1, 1, 1, 2, 2, 1, 1, 1, 1, 1, 1, 3, 1, 4, 1, 1, 1, 2, 1, 1, 4, 3, 3, 2, 1, 1, 3, 1, 1, 3, 3, 2, 3, 2, 3, 1, 1, 1, 2, 1, 1, 1, 1, 3, 2, 2, 2, 1, 1, 1, 3, 5, 2, 4, 3, 3, 1, 1, 1, 1, 3, 1, 2, 4, 1, 3, 3, 1, 1, 5, 1, 2, 1, 1, 2, 2, 2, 2, 1, 3, 1, 3, 1, 2, 2, 2, 1, 3, 3, 1, 1, 2, 1, 1, 1]",5,"[0.555, 0.185, 0.185, 0.055, 0.02]"
Fbxl3,"[1, 1, 1, 4, 1, 1, 3, 3, 1, 1, 3, 2, 2, 3, 3, 1, 3, 3, 4, 1, 1, 1, 1, 2, 3, 3, 1, 1, 1, 2, 1, 1, 2, 1, 2, 2, 1, 1, 1, 3, 1, 1, 1, 2, 1, 3, 1, 5, 1, 3, 2, 1, 1, 3, 1, 1, 1, 1, 1, 4, 3, 1, 4, 4, 2, 1, 4, 2, 1, 1, 3, 1, 4, 2, 1, 1, 2, 1, 1, 1, 3, 2, 2, 1, 3, 2, 4, 3, 2, 4, 1, 1, 1, 1, 2, 3, 2, 1, 1, 1, 3, 3, 2, 1, 2, 4, 1, 1, 3, 4, 3, 2, 3, 1, 1, 2, 2, 1, 3, 2, 2, 1, 2, 1, 1, 1, 2, 1, 3, 2, 1, 3, 1, 1, 1, 1, 3, 1, 3, 3, 1, 1, 1, 1, 1, 1, 3, 1, 1, 1, 3, 1, 1, 1, 1, 2, 4, 2, 3, 3, 1, 1, 1, 1, 1, 1, 1, 3, 2, 1, 2, 2, 1, 2, 2, 1, 2, 1, 1, 1, 3, 1, 4, 1, 3, 2, 1, 3, 1, 3, 3, 1, 5, 1, 1, 4, 2, 1, 2, 1]",5,"[0.52, 0.2, 0.2, 0.07, 0.01]"
Bsn,"[2, 2, 2, 4, 1, 2, 3, 4, 3, 3, 2, 2, 1, 1, 1, 1, 3, 1, 4, 3, 1, 1, 3, 1, 4, 1, 3, 1, 1, 1, 2, 4, 2, 1, 1, 3, 1, 3, 2, 3, 1, 1, 3, 2, 1, 1, 2, 3, 1, 1, 1, 2, 2, 3, 1, 1, 2, 1, 2, 3, 1, 3, 3, 3, 1, 3, 4, 1, 1, 3, 3, 1, 3, 2, 4, 1, 2, 2, 1, 1, 4, 1, 2, 1, 4, 3, 3, 4, 3, 3, 1, 1, 2, 2, 3, 1, 1, 2, 1, 3, 2, 1, 3, 1, 3, 1, 1, 1, 1, 3, 3, 1, 1, 1, 1, 3, 2, 2, 4, 2, 1, 1, 2, 1, 3, 4, 3, 2, 3, 1, 1, 3, 3, 1, 2, 2, 1, 1, 2, 3, 1, 1, 1, 1, 1, 1, 3, 1, 1, 1, 4, 1, 2, 1, 1, 3, 4, 3, 3, 2, 3, 1, 2, 1, 1, 3, 1, 1, 4, 1, 3, 1, 2, 1, 4, 1, 2, 3, 1, 1, 3, 1, 2, 2, 3, 2, 3, 1, 3, 3, 3, 1, 3, 3, 1, 1, 1, 2, 1, 1]",4,"[0.45, 0.2, 0.27, 0.08]"
Inpp4a,"[1, 1, 1, 4, 1, 1, 3, 2, 1, 3, 1, 1, 1, 2, 1, 1, 1, 1, 4, 1, 1, 1, 1, 1, 3, 1, 2, 1, 1, 1, 2, 2, 3, 1, 3, 3, 1, 1, 2, 2, 1, 1, 1, 3, 1, 1, 1, 3, 1, 1, 2, 1, 1, 3, 1, 1, 3, 1, 1, 3, 2, 1, 4, 4, 1, 3, 2, 1, 1, 1, 3, 1, 3, 1, 2, 1, 2, 1, 1, 1, 2, 2, 2, 1, 4, 3, 1, 4, 1, 1, 1, 1, 2, 3, 3, 2, 1, 2, 1, 3, 3, 1, 2, 1, 4, 1, 2, 2, 1, 3, 3, 1, 1, 1, 1, 2, 1, 1, 3, 1, 1, 1, 3, 1, 1, 3, 1, 1, 3, 1, 1, 2, 1, 1, 2, 1, 1, 3, 1, 2, 1, 1, 1, 2, 1, 1, 1, 1, 1, 3, 3, 2, 1, 1, 2, 2, 3, 1, 4, 2, 3, 1, 1, 2, 1, 2, 1, 3, 4, 1, 1, 2, 1, 1, 3, 1, 3, 2, 1, 1, 3, 1, 2, 1, 4, 1, 1, 1, 3, 1, 3, 1, 1, 1, 1, 1, 1, 1, 1, 1]",4,"[0.595, 0.175, 0.18, 0.05]"
Smarca2,"[2, 1, 3, 4, 1, 1, 3, 4, 3, 3, 3, 3, 1, 2, 2, 2, 3, 1, 5, 2, 1, 2, 1, 1, 3, 3, 3, 1, 1, 2, 3, 2, 3, 3, 3, 2, 1, 1, 3, 5, 1, 2, 3, 4, 1, 1, 3, 4, 1, 2, 3, 3, 2, 3, 1, 1, 3, 1, 2, 2, 1, 3, 4, 3, 1, 3, 3, 1, 2, 3, 3, 1, 3, 1, 4, 3, 4, 1, 3, 1, 3, 3, 3, 1, 4, 3, 2, 3, 3, 3, 1, 2, 3, 3, 2, 3, 1, 2, 1, 3, 3, 1, 3, 1, 3, 2, 1, 1, 3, 3, 3, 1, 2, 1, 1, 2, 2, 1, 4, 4, 1, 3, 1, 3, 2, 4, 4, 3, 3, 1, 1, 3, 1, 1, 1, 1, 1, 3, 1, 3, 1, 1, 1, 3, 1, 1, 2, 1, 1, 3, 3, 2, 1, 2, 2, 3, 4, 3, 5, 3, 4, 1, 3, 2, 1, 4, 1, 1, 5, 1, 3, 1, 1, 3, 3, 1, 3, 4, 2, 2, 3, 1, 1, 3, 3, 3, 3, 1, 3, 3, 4, 1, 3, 1, 1, 2, 2, 1, 1, 2]",5,"[0.36, 0.17, 0.365, 0.085, 0.02]"
Kcna2,"[1, 2, 2, 4, 1, 3, 3, 4, 1, 1, 3, 1, 1, 3, 2, 2, 3, 1, 5, 1, 1, 1, 1, 3, 3, 1, 4, 1, 1, 2, 4, 3, 3, 3, 3, 2, 3, 1, 4, 4, 1, 3, 3, 4, 1, 1, 3, 4, 1, 3, 1, 5, 1, 1, 1, 1, 3, 1, 1, 3, 1, 5, 3, 3, 2, 3, 4, 1, 1, 3, 4, 1, 4, 1, 3, 1, 3, 2, 1, 1, 3, 1, 3, 1, 3, 2, 3, 4, 4, 2, 1, 1, 3, 3, 4, 1, 1, 2, 1, 4, 3, 1, 3, 1, 3, 1, 1, 1, 3, 3, 4, 1, 1, 1, 1, 4, 2, 2, 3, 3, 1, 2, 2, 1, 2, 5, 4, 2, 3, 1, 1, 3, 1, 1, 3, 2, 2, 4, 1, 3, 2, 1, 1, 2, 1, 1, 4, 2, 3, 3, 2, 2, 1, 1, 2, 4, 4, 2, 4, 3, 4, 2, 2, 1, 1, 1, 2, 3, 5, 1, 1, 1, 1, 2, 2, 1, 2, 4, 2, 2, 3, 1, 3, 1, 3, 1, 3, 1, 5, 2, 3, 1, 1, 2, 1, 2, 2, 1, 1, 1]",5,"[0.405, 0.19, 0.25, 0.125, 0.03]"
Fbxl16,"[2, 1, 1, 5, 1, 3, 3, 4, 1, 4, 3, 1, 1, 3, 2, 1, 3, 1, 4, 1, 1, 2, 1, 1, 4, 2, 3, 1, 1, 1, 3, 1, 4, 3, 3, 1, 1, 2, 3, 4, 1, 1, 3, 3, 1, 1, 3, 5, 2, 2, 3, 3, 2, 4, 2, 1, 3, 2, 1, 3, 1, 3, 5, 3, 1, 3, 3, 1, 1, 3, 3, 1, 5, 1, 4, 1, 3, 1, 1, 1, 3, 3, 2, 1, 5, 2, 1, 5, 2, 3, 1, 1, 3, 3, 5, 1, 1, 1, 1, 3, 3, 1, 1, 1, 5, 2, 1, 1, 3, 3, 3, 1, 2, 1, 1, 3, 3, 2, 4, 3, 3, 1, 3, 1, 2, 4, 4, 3, 3, 1, 1, 3, 3, 1, 1, 2, 1, 2, 1, 3, 1, 1, 1, 3, 1, 2, 2, 1, 1, 3, 3, 2, 1, 2, 1, 3, 4, 3, 5, 2, 4, 1, 1, 1, 1, 3, 1, 2, 3, 1, 3, 3, 1, 3, 3, 1, 2, 3, 2, 1, 5, 3, 4, 1, 4, 3, 2, 2, 4, 3, 3, 1, 3, 1, 1, 1, 1, 2, 1, 2]",5,"[0.41, 0.155, 0.305, 0.08, 0.05]"
Pdxp,"[2, 1, 1, 4, 1, 1, 1, 2, 1, 3, 1, 2, 1, 2, 2, 2, 2, 1, 4, 1, 1, 1, 1, 1, 2, 1, 1, 1, 1, 1, 2, 1, 2, 1, 2, 2, 1, 1, 2, 2, 1, 1, 2, 4, 1, 1, 2, 2, 1, 2, 2, 1, 1, 3, 2, 1, 2, 1, 1, 2, 1, 2, 3, 3, 1, 2, 2, 1, 1, 2, 1, 1, 3, 1, 2, 1, 2, 1, 1, 1, 2, 3, 1, 1, 2, 1, 1, 4, 1, 2, 1, 1, 2, 2, 3, 1, 1, 1, 1, 1, 2, 1, 2, 1, 2, 1, 1, 1, 2, 2, 2, 1, 1, 1, 1, 1, 2, 1, 4, 2, 1, 1, 2, 1, 2, 2, 2, 2, 1, 1, 1, 2, 1, 1, 1, 2, 1, 2, 1, 1, 1, 1, 1, 2, 1, 1, 2, 1, 1, 2, 3, 1, 1, 2, 1, 2, 3, 2, 2, 1, 2, 1, 1, 1, 1, 2, 1, 3, 2, 1, 2, 2, 1, 1, 2, 1, 2, 2, 1, 1, 2, 1, 1, 1, 2, 1, 2, 1, 2, 2, 2, 1, 2, 1, 1, 1, 1, 1, 1, 1]",4,"[0.57, 0.355, 0.05, 0.025]"
Caskin1,"[4, 1, 2, 2, 1, 1, 3, 3, 1, 2, 1, 1, 1, 2, 1, 1, 2, 1, 3, 1, 2, 1, 1, 2, 2, 1, 2, 1, 1, 1, 2, 1, 1, 2, 3, 1, 2, 1, 4, 4, 1, 2, 1, 4, 2, 1, 2, 3, 1, 1, 1, 3, 1, 1, 2, 1, 2, 3, 1, 3, 1, 2, 3, 4, 1, 2, 1, 2, 1, 2, 2, 1, 1, 1, 4, 1, 3, 2, 1, 1, 3, 4, 2, 1, 4, 2, 1, 4, 1, 1, 1, 2, 2, 2, 4, 1, 2, 1, 2, 2, 3, 1, 2, 1, 3, 1, 1, 1, 1, 3, 4, 1, 1, 1, 1, 1, 2, 1, 2, 3, 1, 2, 1, 1, 1, 2, 3, 2, 1, 1, 1, 2, 1, 2, 2, 1, 1, 1, 1, 2, 1, 1, 1, 2, 1, 1, 2, 2, 1, 2, 2, 2, 2, 1, 1, 3, 3, 3, 4, 2, 4, 1, 1, 1, 1, 1, 1, 2, 2, 2, 2, 2, 1, 1, 3, 1, 3, 1, 1, 1, 2, 2, 2, 1, 2, 2, 2, 2, 3, 2, 4, 1, 3, 1, 1, 1, 1, 1, 1, 1]",4,"[0.505, 0.31, 0.115, 0.07]"
Celf2,"[1, 3, 4, 6, 1, 3, 5, 4, 1, 4, 2, 4, 3, 4, 3, 3, 4, 1, 5, 2, 1, 1, 1, 3, 4, 3, 5, 1, 1, 3, 4, 3, 4, 1, 4, 3, 1, 2, 4, 4, 2, 3, 3, 3, 1, 1, 3, 6, 1, 4, 4, 4, 2, 5, 3, 1, 4, 3, 1, 4, 1, 3, 6, 4, 3, 3, 4, 2, 3, 2, 3, 2, 5, 1, 6, 1, 4, 3, 1, 1, 5, 3, 3, 2, 6, 3, 1, 5, 1, 4, 1, 2, 3, 4, 5, 1, 4, 1, 1, 4, 3, 3, 3, 3, 5, 1, 1, 3, 4, 4, 3, 3, 3, 1, 1, 4, 5, 3, 5, 2, 1, 2, 4, 1, 4, 4, 5, 4, 5, 1, 3, 4, 1, 2, 3, 4, 1, 1, 3, 4, 2, 1, 1, 5, 1, 1, 4, 1, 3, 4, 4, 1, 1, 3, 3, 4, 4, 4, 5, 4, 5, 1, 1, 1, 1, 3, 1, 3, 4, 3, 2, 3, 3, 3, 4, 3, 3, 4, 3, 2, 5, 2, 4, 1, 4, 3, 4, 3, 4, 4, 4, 1, 4, 4, 1, 1, 1, 2, 2, 4]",6,"[0.27, 0.095, 0.26, 0.265, 0.085, 0.025]"
D17Wsu92e,"[1, 2, 2, 1, 1, 1, 1, 2, 1, 4, 2, 2, 2, 1, 1, 1, 1, 1, 4, 2, 1, 1, 1, 1, 2, 1, 3, 1, 1, 1, 2, 1, 3, 2, 2, 1, 1, 1, 3, 1, 1, 1, 2, 4, 1, 1, 3, 2, 1, 2, 1, 2, 2, 3, 1, 1, 1, 2, 1, 2, 2, 3, 3, 2, 4, 1, 2, 1, 2, 1, 2, 1, 2, 3, 2, 1, 3, 1, 1, 1, 2, 3, 1, 1, 4, 1, 1, 3, 1, 2, 1, 2, 1, 4, 2, 1, 3, 3, 1, 2, 2, 1, 1, 2, 3, 2, 1, 1, 1, 4, 2, 1, 2, 1, 1, 1, 2, 1, 2, 1, 1, 1, 2, 1, 1, 4, 4, 1, 2, 1, 1, 1, 1, 2, 2, 1, 1, 2, 1, 2, 1, 1, 1, 1, 2, 1, 2, 1, 1, 2, 2, 1, 1, 1, 1, 2, 2, 2, 3, 2, 2, 1, 1, 1, 1, 3, 1, 2, 3, 1, 2, 1, 1, 2, 1, 1, 1, 1, 1, 1, 4, 1, 1, 2, 2, 1, 1, 1, 2, 2, 2, 1, 1, 2, 1, 2, 2, 1, 1, 1]",4,"[0.55, 0.315, 0.085, 0.05]"
Nptx1,"[1, 1, 3, 4, 1, 1, 4, 1, 1, 1, 1, 1, 1, 2, 2, 1, 2, 1, 1, 1, 1, 2, 1, 1, 1, 1, 1, 1, 1, 1, 2, 1, 1, 1, 2, 2, 1, 1, 1, 1, 1, 1, 2, 1, 1, 1, 1, 4, 1, 1, 2, 1, 1, 2, 2, 1, 2, 1, 1, 2, 1, 2, 4, 2, 1, 1, 2, 1, 2, 1, 1, 1, 3, 2, 2, 1, 1, 1, 1, 1, 1, 1, 1, 1, 3, 2, 1, 4, 1, 2, 1, 1, 1, 3, 1, 1, 1, 1, 1, 1, 1, 1, 2, 1, 3, 1, 2, 2, 1, 3, 1, 1, 1, 1, 1, 3, 2, 1, 3, 1, 1, 1, 2, 1, 1, 1, 3, 2, 2, 1, 1, 3, 2, 1, 2, 2, 1, 1, 1, 1, 1, 1, 1, 3, 1, 1, 4, 1, 1, 3, 1, 1, 1, 1, 1, 2, 3, 3, 4, 2, 4, 1, 1, 1, 1, 2, 1, 2, 1, 1, 1, 1, 1, 1, 1, 1, 1, 1, 1, 1, 2, 1, 1, 1, 4, 2, 2, 1, 1, 1, 3, 1, 2, 1, 1, 1, 1, 1, 1, 1]",4,"[0.685, 0.195, 0.075, 0.045]"
Pkia,"[2, 1, 1, 3, 1, 1, 1, 5, 1, 4, 3, 1, 1, 2, 1, 1, 1, 1, 4, 1, 3, 1, 1, 1, 2, 1, 3, 1, 1, 2, 3, 1, 1, 2, 2, 1, 2, 1, 3, 3, 1, 1, 1, 5, 1, 1, 2, 3, 1, 1, 2, 3, 1, 4, 1, 1, 2, 1, 1, 1, 1, 1, 3, 4, 2, 1, 5, 1, 1, 3, 4, 1, 3, 2, 4, 1, 4, 1, 1, 1, 1, 4, 1, 1, 3, 2, 1, 3, 1, 2, 1, 1, 1, 4, 4, 1, 1, 1, 1, 3, 1, 1, 2, 1, 1, 1, 2, 1, 2, 3, 3, 1, 1, 1, 1, 1, 3, 1, 3, 3, 1, 1, 2, 1, 3, 4, 3, 2, 4, 1, 1, 3, 1, 1, 2, 2, 1, 4, 1, 2, 1, 1, 1, 2, 1, 1, 1, 1, 1, 1, 2, 2, 1, 2, 1, 1, 3, 2, 3, 1, 3, 1, 1, 1, 1, 2, 1, 1, 3, 1, 1, 1, 1, 1, 1, 1, 3, 2, 1, 1, 2, 1, 1, 1, 2, 1, 2, 1, 2, 2, 2, 1, 1, 2, 1, 1, 1, 1, 1, 1]",5,"[0.6, 0.18, 0.14, 0.065, 0.015]"
Epha5,"[2, 1, 1, 3, 1, 2, 2, 1, 1, 1, 2, 2, 1, 2, 1, 1, 2, 1, 2, 1, 1, 1, 1, 1, 2, 1, 2, 1, 1, 1, 2, 2, 2, 2, 2, 2, 1, 1, 2, 2, 1, 1, 2, 2, 1, 1, 2, 3, 1, 2, 2, 2, 1, 3, 1, 1, 2, 1, 1, 2, 1, 2, 4, 2, 1, 2, 2, 1, 1, 2, 1, 1, 3, 1, 3, 1, 1, 1, 1, 1, 2, 2, 1, 1, 3, 2, 1, 3, 2, 2, 1, 1, 2, 3, 2, 1, 1, 1, 1, 2, 2, 1, 2, 1, 2, 1, 1, 1, 2, 2, 3, 2, 1, 1, 1, 2, 3, 2, 3, 2, 1, 1, 2, 2, 2, 2, 2, 2, 2, 1, 1, 2, 1, 1, 3, 2, 1, 2, 1, 2, 1, 1, 1, 2, 1, 1, 2, 1, 1, 3, 2, 1, 1, 2, 1, 4, 3, 2, 3, 2, 2, 1, 1, 1, 2, 2, 1, 2, 2, 1, 2, 2, 1, 2, 3, 1, 1, 2, 1, 1, 4, 2, 2, 1, 3, 2, 2, 1, 2, 2, 2, 1, 3, 2, 1, 1, 2, 1, 1, 1]",4,"[0.48, 0.415, 0.09, 0.015]"
Tnrc6b,"[2, 1, 2, 3, 1, 2, 3, 2, 2, 2, 2, 2, 2, 2, 2, 2, 2, 2, 2, 2, 1, 2, 1, 2, 3, 2, 3, 1, 2, 2, 3, 2, 3, 2, 1, 1, 1, 2, 2, 2, 2, 1, 2, 2, 2, 2, 2, 3, 2, 2, 2, 2, 1, 2, 1, 2, 2, 2, 1, 2, 1, 2, 4, 2, 2, 2, 2, 2, 2, 2, 3, 2, 4, 3, 3, 1, 1, 1, 2, 1, 2, 2, 2, 2, 4, 2, 2, 3, 2, 2, 1, 2, 2, 4, 1, 1, 2, 2, 1, 2, 2, 2, 1, 2, 3, 2, 1, 2, 3, 2, 3, 1, 2, 1, 2, 3, 2, 2, 4, 1, 1, 2, 2, 2, 3, 3, 3, 2, 3, 2, 1, 3, 2, 1, 2, 2, 2, 2, 2, 2, 1, 1, 2, 2, 2, 1, 3, 1, 1, 2, 3, 1, 2, 1, 2, 3, 3, 2, 3, 2, 3, 2, 2, 1, 2, 2, 2, 2, 2, 2, 2, 2, 2, 2, 3, 2, 3, 2, 2, 1, 3, 1, 2, 2, 3, 2, 2, 1, 2, 2, 3, 2, 2, 2, 2, 2, 2, 1, 2, 1]",4,"[0.21, 0.61, 0.155, 0.025]"
Pik3r1,"[2, 1, 1, 3, 1, 2, 1, 3, 2, 2, 1, 2, 3, 2, 1, 1, 3, 3, 4, 1, 1, 3, 1, 4, 3, 2, 3, 1, 1, 2, 4, 1, 3, 3, 2, 1, 1, 1, 3, 3, 1, 1, 1, 1, 2, 1, 3, 3, 1, 1, 2, 3, 1, 1, 3, 1, 1, 1, 1, 3, 1, 2, 2, 2, 3, 2, 3, 1, 4, 2, 4, 1, 3, 1, 3, 1, 1, 2, 1, 3, 1, 1, 1, 2, 3, 3, 3, 3, 2, 1, 1, 1, 3, 3, 2, 1, 1, 3, 2, 2, 1, 1, 1, 1, 4, 3, 1, 3, 2, 3, 2, 2, 4, 1, 1, 1, 2, 3, 3, 1, 1, 2, 2, 1, 3, 3, 2, 1, 2, 1, 1, 1, 3, 1, 3, 1, 1, 4, 1, 2, 1, 1, 1, 1, 1, 1, 2, 1, 1, 2, 2, 3, 2, 1, 1, 3, 4, 2, 3, 2, 4, 2, 3, 1, 3, 1, 2, 1, 3, 1, 1, 2, 1, 1, 2, 1, 1, 3, 2, 1, 3, 2, 3, 1, 3, 1, 1, 1, 1, 3, 3, 4, 1, 1, 2, 1, 2, 1, 1, 1]",4,"[0.47, 0.225, 0.25, 0.055]"
Hnrnpl,"[2, 3, 1, 2, 2, 2, 1, 3, 1, 3, 2, 2, 2, 2, 2, 1, 2, 3, 3, 2, 1, 1, 1, 2, 2, 2, 2, 1, 2, 2, 3, 2, 2, 2, 3, 1, 1, 1, 3, 3, 2, 2, 2, 3, 2, 1, 2, 4, 1, 2, 2, 3, 1, 3, 1, 2, 2, 1, 1, 3, 1, 1, 3, 2, 2, 2, 2, 2, 1, 2, 3, 2, 4, 2, 3, 1, 3, 1, 2, 1, 2, 3, 2, 1, 3, 2, 2, 4, 1, 2, 1, 1, 2, 3, 4, 2, 2, 2, 1, 3, 3, 1, 1, 1, 3, 2, 1, 2, 1, 3, 3, 2, 1, 1, 2, 2, 2, 3, 4, 2, 1, 1, 2, 1, 2, 4, 2, 2, 2, 1, 1, 3, 1, 2, 2, 3, 2, 2, 2, 2, 1, 2, 2, 1, 2, 3, 2, 1, 2, 3, 3, 2, 2, 1, 1, 3, 3, 3, 3, 1, 3, 1, 2, 2, 2, 2, 2, 2, 2, 2, 2, 2, 1, 2, 4, 1, 3, 2, 2, 1, 3, 1, 2, 2, 2, 3, 3, 2, 3, 2, 4, 1, 2, 3, 1, 2, 2, 2, 2, 1]",4,"[0.275, 0.475, 0.21, 0.04]"
Tspan7,"[2, 3, 2, 3, 1, 2, 3, 4, 1, 4, 2, 3, 4, 3, 2, 3, 2, 3, 4, 1, 1, 1, 2, 2, 3, 1, 3, 1, 2, 3, 3, 2, 2, 2, 2, 2, 4, 2, 3, 4, 1, 3, 2, 3, 1, 1, 3, 4, 1, 4, 3, 3, 3, 2, 3, 2, 3, 2, 2, 2, 2, 3, 3, 3, 3, 2, 3, 2, 1, 2, 3, 1, 4, 1, 3, 1, 3, 3, 1, 1, 3, 3, 3, 2, 3, 2, 1, 3, 1, 2, 3, 3, 3, 3, 4, 2, 3, 1, 3, 4, 2, 1, 2, 2, 3, 1, 1, 2, 3, 3, 3, 2, 1, 1, 2, 3, 3, 2, 4, 3, 2, 3, 2, 2, 2, 4, 4, 3, 3, 3, 1, 3, 1, 2, 3, 2, 2, 3, 1, 2, 1, 2, 2, 2, 1, 2, 2, 2, 1, 2, 4, 4, 1, 2, 2, 3, 3, 3, 3, 2, 3, 1, 2, 2, 2, 1, 2, 2, 4, 1, 3, 2, 2, 2, 2, 1, 3, 2, 1, 1, 3, 2, 3, 1, 2, 2, 2, 3, 4, 3, 3, 2, 3, 3, 1, 2, 4, 3, 2, 3]",4,"[0.2, 0.355, 0.35, 0.095]"
Cdk5r1,"[3, 2, 2, 5, 2, 3, 4, 4, 1, 4, 2, 2, 1, 3, 3, 3, 4, 1, 3, 2, 2, 1, 2, 1, 4, 1, 2, 1, 2, 1, 4, 3, 3, 3, 4, 2, 1, 3, 3, 3, 1, 2, 3, 4, 1, 1, 2, 5, 1, 3, 3, 3, 1, 4, 1, 1, 3, 1, 1, 3, 1, 3, 5, 2, 1, 3, 3, 1, 2, 3, 3, 1, 5, 1, 4, 1, 3, 2, 1, 1, 3, 3, 1, 2, 5, 3, 1, 5, 3, 1, 1, 1, 1, 4, 3, 1, 2, 1, 1, 3, 3, 1, 4, 1, 5, 1, 1, 1, 2, 5, 3, 1, 1, 1, 1, 3, 4, 3, 5, 3, 2, 1, 2, 1, 1, 3, 4, 3, 4, 1, 1, 3, 3, 1, 3, 4, 1, 3, 1, 2, 1, 1, 1, 3, 1, 1, 4, 1, 1, 3, 3, 2, 1, 1, 1, 4, 4, 4, 5, 3, 4, 1, 1, 1, 1, 3, 1, 3, 3, 2, 1, 3, 2, 3, 4, 1, 2, 3, 1, 1, 5, 1, 3, 1, 3, 2, 2, 1, 3, 3, 4, 1, 4, 4, 1, 1, 2, 2, 1, 1]",5,"[0.395, 0.15, 0.275, 0.125, 0.055]"
Mapk9,"[1, 1, 1, 2, 1, 2, 1, 3, 1, 2, 2, 1, 1, 1, 2, 1, 1, 2, 4, 1, 2, 1, 1, 2, 1, 1, 2, 1, 1, 1, 2, 1, 2, 3, 1, 1, 1, 1, 3, 4, 1, 1, 2, 4, 1, 1, 2, 2, 2, 1, 2, 2, 1, 3, 1, 1, 1, 1, 1, 1, 1, 2, 3, 3, 2, 1, 3, 1, 1, 1, 4, 1, 3, 1, 1, 1, 3, 1, 1, 1, 4, 4, 3, 1, 1, 1, 1, 2, 3, 1, 1, 1, 2, 3, 4, 1, 1, 2, 1, 4, 3, 1, 1, 2, 4, 1, 1, 1, 2, 3, 4, 1, 1, 2, 2, 1, 2, 1, 2, 2, 1, 1, 2, 2, 1, 4, 4, 3, 3, 1, 1, 2, 1, 1, 1, 1, 1, 2, 1, 2, 1, 1, 1, 2, 1, 2, 2, 1, 1, 2, 3, 1, 1, 2, 1, 2, 2, 2, 4, 1, 3, 1, 2, 1, 1, 1, 1, 3, 4, 1, 2, 1, 1, 1, 2, 1, 2, 2, 1, 1, 2, 1, 1, 1, 1, 2, 2, 3, 4, 2, 2, 1, 1, 3, 1, 1, 1, 1, 1, 2]",4,"[0.555, 0.265, 0.105, 0.075]"
Cry2,"[2, 1, 1, 3, 1, 1, 4, 1, 1, 2, 3, 1, 2, 1, 1, 1, 2, 1, 2, 1, 1, 1, 2, 1, 2, 1, 1, 1, 1, 1, 1, 1, 2, 1, 2, 2, 1, 1, 2, 2, 1, 1, 2, 2, 1, 1, 1, 3, 1, 2, 1, 2, 1, 1, 1, 1, 1, 1, 1, 2, 1, 2, 3, 2, 1, 3, 2, 1, 1, 2, 2, 1, 3, 1, 2, 1, 1, 1, 1, 1, 1, 2, 2, 1, 2, 1, 1, 3, 2, 1, 1, 1, 1, 3, 3, 1, 1, 1, 2, 1, 2, 1, 3, 1, 2, 1, 1, 1, 2, 2, 1, 2, 1, 1, 1, 3, 2, 2, 2, 1, 1, 4, 1, 1, 2, 3, 2, 1, 2, 1, 1, 2, 1, 1, 1, 2, 1, 2, 1, 2, 1, 1, 1, 3, 1, 1, 2, 1, 1, 2, 1, 2, 1, 1, 1, 2, 2, 2, 4, 1, 2, 1, 1, 1, 1, 1, 1, 1, 1, 1, 2, 1, 1, 1, 1, 1, 2, 2, 1, 1, 2, 1, 2, 1, 3, 1, 2, 1, 2, 2, 3, 1, 1, 1, 1, 1, 1, 1, 1, 1]",4,"[0.62, 0.29, 0.075, 0.015]"
Spred1,"[1, 2, 1, 2, 1, 1, 1, 4, 3, 3, 1, 1, 2, 1, 2, 2, 2, 2, 4, 1, 1, 1, 1, 1, 2, 3, 1, 1, 1, 1, 3, 3, 2, 1, 2, 2, 2, 1, 2, 2, 1, 1, 2, 3, 1, 1, 3, 3, 1, 3, 2, 2, 1, 3, 1, 2, 1, 1, 2, 3, 3, 2, 3, 4, 3, 1, 4, 2, 1, 1, 3, 1, 4, 2, 2, 3, 3, 1, 2, 2, 3, 3, 1, 1, 4, 1, 3, 3, 2, 1, 1, 1, 2, 2, 1, 1, 1, 1, 1, 4, 2, 1, 2, 1, 3, 2, 1, 3, 3, 2, 3, 3, 3, 1, 1, 1, 3, 1, 4, 1, 1, 3, 1, 2, 3, 3, 3, 1, 3, 2, 2, 3, 1, 1, 2, 1, 3, 2, 3, 3, 2, 1, 1, 2, 1, 2, 2, 1, 1, 1, 2, 2, 1, 1, 3, 3, 3, 4, 3, 2, 3, 1, 1, 3, 1, 1, 3, 2, 3, 1, 1, 1, 1, 1, 3, 1, 2, 1, 1, 2, 1, 1, 2, 1, 1, 2, 1, 2, 4, 1, 1, 1, 1, 2, 1, 3, 3, 3, 1, 1]",4,"[0.45, 0.255, 0.245, 0.05]"
Ube2v2,"[3, 3, 2, 3, 1, 2, 2, 3, 2, 4, 4, 2, 2, 1, 2, 1, 3, 2, 4, 1, 1, 1, 1, 2, 2, 1, 4, 1, 1, 1, 1, 4, 1, 3, 3, 3, 2, 2, 3, 2, 2, 1, 1, 3, 1, 1, 1, 4, 1, 1, 3, 1, 3, 3, 2, 1, 2, 1, 1, 3, 1, 3, 4, 4, 1, 2, 3, 3, 2, 3, 3, 1, 3, 1, 2, 2, 2, 1, 2, 1, 4, 3, 3, 1, 3, 1, 1, 4, 1, 2, 2, 1, 3, 4, 2, 1, 2, 3, 1, 3, 3, 3, 3, 2, 3, 1, 1, 3, 2, 3, 3, 1, 2, 2, 1, 2, 3, 3, 4, 3, 1, 1, 2, 1, 3, 3, 1, 2, 2, 1, 3, 3, 2, 2, 2, 3, 1, 4, 1, 2, 1, 1, 2, 2, 2, 1, 3, 1, 2, 1, 3, 3, 1, 2, 1, 3, 3, 4, 3, 2, 4, 1, 1, 1, 2, 1, 1, 3, 3, 1, 3, 2, 1, 2, 1, 1, 2, 3, 1, 2, 3, 1, 2, 2, 3, 1, 3, 1, 3, 1, 4, 1, 3, 3, 1, 1, 1, 1, 1, 4]",4,"[0.375, 0.255, 0.285, 0.085]"
Mapre2,"[2, 2, 1, 4, 1, 2, 2, 3, 1, 3, 3, 2, 1, 2, 2, 1, 3, 1, 4, 1, 2, 1, 1, 1, 3, 1, 3, 1, 1, 1, 4, 2, 4, 3, 3, 2, 1, 1, 2, 3, 2, 1, 2, 3, 1, 2, 2, 5, 1, 1, 3, 1, 3, 2, 1, 2, 2, 2, 2, 3, 2, 2, 4, 3, 1, 1, 3, 1, 1, 1, 2, 1, 4, 2, 4, 2, 3, 1, 1, 1, 2, 3, 2, 1, 4, 2, 2, 5, 1, 1, 1, 1, 3, 3, 3, 1, 1, 2, 2, 2, 2, 1, 2, 1, 2, 1, 1, 1, 2, 3, 3, 2, 2, 2, 1, 3, 2, 1, 4, 2, 1, 1, 2, 2, 2, 4, 4, 2, 2, 1, 2, 3, 1, 2, 2, 3, 3, 3, 1, 3, 1, 1, 1, 2, 1, 2, 2, 1, 2, 1, 2, 2, 1, 1, 1, 1, 3, 4, 4, 2, 3, 2, 1, 1, 1, 2, 2, 3, 5, 2, 3, 2, 2, 2, 1, 1, 3, 2, 1, 2, 2, 1, 1, 1, 4, 2, 2, 1, 3, 3, 3, 1, 2, 3, 2, 1, 2, 1, 1, 1]",5,"[0.375, 0.355, 0.185, 0.07, 0.015]"
Ptprs,"[2, 1, 3, 4, 1, 3, 3, 4, 1, 3, 3, 3, 1, 3, 1, 3, 3, 3, 4, 1, 1, 1, 1, 2, 3, 1, 4, 2, 3, 2, 3, 1, 3, 3, 3, 2, 1, 1, 3, 4, 1, 1, 3, 4, 1, 1, 3, 5, 1, 3, 3, 3, 1, 3, 1, 1, 1, 1, 1, 3, 1, 3, 5, 3, 2, 1, 2, 1, 1, 3, 3, 1, 4, 1, 4, 2, 3, 2, 1, 1, 3, 4, 2, 1, 4, 3, 1, 5, 1, 3, 2, 1, 2, 3, 3, 1, 2, 1, 1, 3, 2, 1, 3, 1, 3, 1, 2, 1, 3, 4, 3, 3, 2, 1, 1, 3, 3, 3, 5, 3, 1, 2, 3, 3, 3, 3, 3, 3, 3, 1, 1, 4, 3, 1, 4, 3, 1, 4, 1, 3, 1, 1, 2, 4, 1, 1, 4, 2, 1, 3, 3, 2, 2, 2, 1, 4, 5, 4, 4, 3, 4, 2, 1, 3, 1, 3, 1, 3, 4, 2, 3, 3, 2, 2, 4, 1, 3, 3, 3, 1, 4, 3, 3, 1, 4, 3, 3, 1, 3, 3, 4, 1, 4, 3, 1, 3, 1, 2, 1, 1]",5,"[0.345, 0.135, 0.365, 0.13, 0.025]"
Med13,"[1, 1, 2, 3, 1, 3, 1, 2, 1, 2, 3, 1, 1, 1, 1, 1, 2, 2, 2, 2, 1, 2, 1, 1, 2, 2, 1, 1, 2, 1, 2, 2, 2, 2, 2, 1, 1, 1, 2, 2, 1, 1, 3, 1, 2, 3, 2, 3, 1, 1, 2, 3, 2, 1, 1, 1, 3, 1, 1, 1, 1, 1, 4, 2, 1, 2, 2, 1, 4, 3, 2, 3, 2, 1, 2, 1, 1, 1, 1, 1, 1, 1, 2, 2, 2, 1, 1, 2, 3, 1, 1, 1, 2, 2, 4, 1, 1, 3, 1, 1, 2, 1, 1, 2, 3, 1, 1, 1, 3, 2, 3, 2, 2, 1, 1, 1, 3, 2, 4, 1, 1, 2, 3, 1, 2, 3, 2, 1, 1, 2, 1, 2, 3, 1, 1, 2, 1, 2, 1, 3, 1, 1, 3, 2, 1, 1, 3, 1, 1, 1, 1, 1, 1, 3, 1, 1, 3, 2, 3, 3, 4, 1, 2, 1, 1, 1, 1, 1, 3, 1, 2, 1, 1, 2, 1, 1, 1, 1, 1, 2, 3, 2, 1, 1, 1, 1, 1, 1, 2, 2, 2, 2, 4, 1, 3, 1, 2, 1, 1, 1]",4,"[0.53, 0.295, 0.145, 0.03]"
Slc12a5,"[2, 1, 1, 4, 1, 2, 3, 3, 1, 3, 2, 2, 1, 2, 2, 1, 2, 1, 4, 1, 1, 1, 1, 1, 2, 1, 2, 1, 1, 1, 3, 2, 3, 2, 2, 1, 1, 1, 3, 3, 1, 1, 2, 3, 1, 1, 2, 4, 1, 2, 2, 2, 1, 3, 1, 1, 2, 1, 1, 2, 1, 2, 4, 2, 1, 1, 2, 1, 1, 2, 2, 1, 4, 1, 3, 1, 2, 1, 1, 1, 2, 2, 1, 1, 4, 2, 1, 3, 2, 2, 1, 1, 2, 3, 3, 1, 1, 1, 1, 3, 2, 1, 2, 2, 4, 1, 2, 1, 3, 3, 2, 1, 1, 1, 1, 3, 3, 2, 4, 2, 1, 1, 2, 1, 2, 3, 2, 2, 3, 1, 2, 3, 1, 1, 2, 2, 1, 4, 1, 2, 1, 1, 1, 2, 1, 1, 3, 1, 1, 2, 2, 1, 1, 2, 1, 3, 3, 3, 3, 2, 3, 1, 1, 1, 1, 2, 1, 2, 4, 1, 2, 2, 1, 2, 2, 1, 2, 3, 1, 1, 3, 2, 2, 1, 4, 2, 2, 1, 2, 3, 4, 1, 2, 3, 1, 1, 1, 1, 1, 1]",4,"[0.465, 0.32, 0.155, 0.06]"
Ralgps2,"[2, 1, 2, 3, 1, 2, 1, 2, 1, 1, 2, 1, 1, 2, 1, 1, 3, 1, 4, 1, 1, 2, 1, 1, 2, 1, 2, 1, 1, 1, 3, 3, 2, 2, 2, 1, 1, 1, 4, 1, 1, 1, 1, 2, 1, 1, 2, 3, 1, 2, 2, 2, 2, 2, 3, 1, 3, 1, 1, 3, 1, 1, 4, 2, 2, 4, 3, 2, 2, 4, 2, 1, 3, 1, 2, 1, 1, 1, 1, 1, 1, 2, 2, 1, 2, 1, 1, 4, 2, 2, 1, 1, 2, 2, 2, 1, 1, 1, 1, 2, 1, 1, 1, 1, 3, 1, 1, 1, 3, 2, 2, 1, 1, 1, 1, 3, 3, 1, 3, 1, 1, 1, 1, 1, 2, 1, 2, 2, 2, 2, 1, 2, 1, 1, 2, 2, 1, 1, 1, 1, 1, 1, 1, 1, 1, 1, 1, 4, 1, 3, 2, 1, 1, 1, 1, 4, 3, 2, 2, 3, 3, 1, 1, 1, 1, 3, 1, 3, 1, 1, 1, 2, 1, 2, 4, 1, 1, 1, 1, 1, 2, 1, 2, 1, 3, 2, 2, 1, 3, 1, 3, 1, 1, 3, 1, 1, 1, 1, 2, 1]",4,"[0.56, 0.27, 0.125, 0.045]"
Crtac1,"[1, 1, 1, 4, 1, 2, 2, 4, 1, 3, 1, 2, 1, 1, 2, 1, 1, 1, 2, 1, 1, 1, 1, 2, 2, 1, 1, 1, 1, 1, 1, 3, 1, 1, 3, 2, 1, 1, 4, 3, 1, 1, 2, 1, 1, 1, 2, 4, 1, 1, 2, 4, 1, 1, 1, 1, 1, 1, 1, 1, 1, 1, 2, 3, 1, 1, 3, 1, 1, 1, 2, 1, 3, 1, 3, 1, 4, 1, 1, 1, 3, 2, 2, 1, 2, 2, 1, 2, 2, 1, 1, 1, 2, 2, 4, 1, 1, 1, 1, 3, 1, 1, 3, 1, 3, 1, 1, 1, 3, 3, 1, 1, 1, 1, 1, 2, 2, 1, 3, 1, 1, 1, 1, 1, 1, 3, 2, 3, 2, 1, 1, 2, 1, 1, 1, 1, 1, 1, 1, 1, 1, 1, 2, 1, 1, 1, 3, 1, 1, 1, 3, 1, 1, 1, 1, 2, 4, 3, 4, 1, 1, 1, 1, 1, 1, 2, 1, 1, 2, 1, 2, 3, 1, 1, 1, 1, 2, 2, 1, 1, 2, 2, 2, 1, 2, 2, 1, 1, 2, 1, 3, 1, 3, 2, 1, 1, 1, 1, 1, 1]",4,"[0.64, 0.2, 0.115, 0.045]"
Lgi1,"[2, 1, 2, 4, 1, 1, 2, 3, 1, 4, 2, 4, 1, 1, 2, 1, 1, 1, 2, 1, 1, 1, 1, 1, 2, 1, 3, 1, 1, 1, 3, 2, 2, 1, 1, 1, 1, 1, 3, 3, 1, 1, 2, 2, 1, 1, 3, 2, 1, 2, 2, 2, 1, 1, 1, 1, 2, 1, 1, 2, 1, 2, 4, 3, 1, 1, 4, 1, 1, 1, 4, 1, 4, 1, 4, 1, 3, 2, 1, 1, 1, 1, 2, 1, 2, 2, 1, 3, 3, 1, 1, 2, 3, 2, 4, 1, 1, 1, 1, 3, 2, 1, 3, 1, 4, 1, 1, 1, 2, 4, 3, 1, 1, 1, 2, 3, 2, 2, 4, 1, 1, 1, 3, 1, 1, 2, 2, 2, 4, 1, 1, 1, 1, 1, 2, 2, 1, 2, 1, 2, 1, 1, 1, 2, 1, 1, 4, 1, 2, 2, 4, 1, 1, 2, 1, 4, 3, 2, 4, 2, 2, 1, 1, 1, 1, 3, 1, 2, 3, 1, 3, 1, 1, 1, 2, 1, 2, 2, 1, 1, 2, 1, 2, 1, 2, 2, 3, 1, 3, 1, 2, 1, 3, 1, 1, 1, 1, 1, 1, 1]",4,"[0.54, 0.26, 0.115, 0.085]"
Dock3,"[2, 1, 1, 3, 1, 1, 2, 3, 2, 3, 2, 2, 1, 1, 2, 1, 3, 1, 3, 2, 2, 3, 1, 1, 3, 1, 2, 1, 2, 1, 2, 1, 3, 2, 2, 2, 1, 1, 3, 4, 1, 1, 1, 3, 1, 1, 1, 3, 1, 3, 2, 4, 1, 3, 1, 1, 1, 1, 1, 1, 1, 2, 2, 2, 1, 1, 3, 1, 1, 2, 2, 1, 3, 1, 2, 1, 3, 1, 1, 1, 1, 3, 2, 1, 3, 3, 1, 3, 3, 1, 1, 1, 2, 3, 4, 1, 1, 1, 1, 3, 3, 1, 1, 2, 3, 1, 1, 1, 3, 1, 3, 1, 2, 2, 1, 3, 1, 1, 4, 2, 1, 1, 2, 1, 1, 4, 3, 2, 2, 2, 1, 2, 2, 2, 2, 1, 2, 2, 1, 2, 2, 1, 1, 4, 1, 1, 2, 1, 1, 2, 3, 1, 2, 1, 1, 2, 2, 2, 2, 2, 3, 1, 1, 1, 1, 2, 1, 1, 3, 1, 2, 2, 2, 1, 3, 1, 2, 4, 1, 2, 2, 2, 1, 1, 3, 1, 1, 1, 2, 2, 2, 1, 1, 3, 1, 1, 1, 1, 1, 1]",4,"[0.5, 0.29, 0.175, 0.035]"
Sult4a1,"[2, 3, 1, 3, 1, 2, 3, 3, 1, 4, 3, 2, 1, 2, 2, 1, 3, 2, 4, 2, 1, 1, 1, 1, 2, 1, 3, 1, 1, 1, 3, 3, 3, 3, 3, 3, 1, 1, 3, 4, 1, 2, 1, 4, 1, 1, 2, 4, 1, 2, 2, 2, 1, 3, 1, 1, 3, 1, 1, 3, 1, 3, 4, 3, 1, 3, 3, 1, 1, 2, 4, 1, 3, 1, 4, 1, 3, 1, 1, 2, 3, 4, 2, 1, 4, 3, 1, 4, 3, 2, 1, 1, 2, 3, 4, 1, 1, 1, 1, 4, 3, 1, 2, 1, 3, 1, 1, 1, 2, 3, 4, 2, 1, 1, 1, 2, 4, 3, 3, 3, 1, 1, 3, 1, 2, 4, 2, 2, 3, 1, 1, 2, 1, 1, 2, 3, 1, 3, 2, 3, 1, 1, 1, 2, 1, 1, 2, 1, 1, 3, 2, 2, 1, 1, 1, 3, 4, 3, 4, 3, 3, 1, 1, 1, 1, 2, 1, 3, 4, 1, 2, 2, 1, 2, 3, 1, 3, 4, 1, 1, 3, 1, 3, 1, 3, 2, 1, 1, 4, 3, 3, 1, 2, 2, 1, 1, 1, 2, 1, 1]",4,"[0.44, 0.2, 0.255, 0.105]"
Lmo4,"[2, 3, 3, 3, 1, 3, 3, 2, 2, 3, 2, 1, 2, 2, 2, 2, 4, 2, 4, 2, 1, 1, 1, 1, 5, 2, 3, 1, 1, 1, 3, 3, 2, 3, 5, 2, 2, 1, 2, 2, 1, 3, 3, 3, 3, 1, 1, 5, 1, 4, 4, 1, 1, 2, 1, 1, 4, 1, 1, 4, 1, 2, 5, 2, 2, 3, 1, 3, 1, 2, 3, 1, 4, 1, 5, 1, 2, 3, 1, 1, 1, 1, 1, 2, 3, 3, 1, 3, 1, 3, 1, 1, 1, 2, 1, 1, 1, 2, 2, 1, 1, 1, 5, 1, 3, 1, 1, 1, 1, 4, 2, 1, 1, 1, 1, 3, 3, 3, 5, 2, 1, 1, 4, 1, 2, 1, 3, 2, 3, 3, 1, 2, 1, 1, 3, 3, 1, 4, 1, 4, 1, 1, 1, 3, 1, 1, 1, 1, 1, 3, 3, 3, 2, 1, 1, 3, 5, 2, 5, 2, 3, 1, 1, 1, 3, 1, 1, 2, 3, 1, 1, 3, 1, 2, 4, 1, 1, 3, 1, 2, 3, 1, 3, 1, 4, 2, 3, 1, 3, 4, 3, 1, 4, 3, 1, 1, 1, 2, 1, 1]",5,"[0.45, 0.195, 0.235, 0.075, 0.045]"
Faim2,"[1, 2, 1, 5, 1, 1, 2, 3, 1, 2, 3, 1, 1, 3, 1, 1, 4, 1, 4, 1, 1, 1, 1, 1, 2, 1, 2, 1, 2, 1, 1, 1, 4, 3, 3, 1, 1, 1, 4, 3, 1, 1, 2, 4, 3, 1, 1, 4, 1, 1, 1, 1, 2, 2, 1, 2, 3, 1, 1, 3, 1, 4, 4, 3, 1, 1, 4, 1, 1, 3, 3, 1, 3, 3, 3, 1, 2, 1, 1, 1, 3, 4, 2, 1, 4, 1, 1, 2, 2, 1, 1, 1, 3, 4, 2, 1, 1, 1, 1, 3, 2, 3, 1, 1, 1, 1, 1, 1, 4, 3, 3, 2, 1, 1, 1, 1, 1, 2, 3, 3, 1, 1, 1, 1, 2, 4, 4, 1, 2, 1, 1, 2, 1, 3, 3, 1, 1, 3, 1, 2, 1, 1, 1, 1, 1, 1, 2, 1, 1, 1, 4, 1, 1, 1, 1, 4, 4, 3, 4, 3, 4, 1, 1, 1, 1, 1, 1, 3, 5, 1, 2, 1, 1, 1, 1, 1, 1, 4, 1, 1, 3, 2, 2, 3, 1, 1, 1, 1, 4, 4, 2, 2, 2, 2, 1, 1, 1, 1, 1, 1]",5,"[0.57, 0.15, 0.155, 0.115, 0.01]"
A830010M20Rik,"[1, 2, 2, 3, 1, 4, 3, 1, 2, 2, 2, 1, 1, 1, 3, 1, 3, 1, 2, 1, 1, 2, 1, 1, 3, 1, 3, 1, 1, 1, 2, 2, 2, 1, 1, 1, 1, 1, 3, 3, 1, 2, 1, 2, 1, 1, 2, 5, 1, 2, 2, 3, 1, 2, 1, 1, 2, 1, 1, 4, 1, 1, 3, 2, 1, 2, 1, 2, 1, 1, 3, 1, 5, 1, 4, 1, 3, 2, 1, 1, 2, 3, 2, 1, 4, 3, 1, 2, 1, 2, 1, 1, 2, 2, 2, 1, 2, 1, 1, 3, 1, 2, 2, 1, 3, 2, 1, 1, 1, 3, 1, 2, 1, 1, 1, 2, 2, 2, 4, 1, 1, 1, 2, 1, 2, 2, 3, 3, 4, 1, 1, 1, 1, 1, 3, 1, 1, 1, 1, 2, 1, 1, 1, 2, 1, 1, 2, 1, 1, 2, 2, 1, 1, 1, 2, 4, 4, 2, 2, 3, 3, 1, 2, 1, 1, 2, 1, 3, 3, 2, 2, 2, 1, 1, 2, 1, 2, 1, 1, 1, 2, 1, 1, 1, 2, 2, 1, 1, 2, 2, 2, 1, 2, 2, 1, 1, 1, 1, 1, 1]",5,"[0.52, 0.31, 0.12, 0.04, 0.01]"
Pcdh7,"[1, 1, 1, 4, 1, 4, 1, 1, 1, 2, 2, 4, 1, 3, 1, 1, 1, 3, 5, 1, 1, 2, 2, 1, 2, 3, 4, 1, 1, 1, 2, 1, 1, 4, 2, 2, 1, 1, 4, 4, 1, 1, 1, 1, 2, 1, 1, 4, 1, 3, 1, 5, 3, 1, 2, 1, 1, 2, 1, 1, 2, 5, 4, 4, 2, 1, 1, 3, 1, 1, 1, 1, 4, 2, 1, 1, 4, 2, 1, 2, 1, 2, 1, 1, 4, 1, 1, 4, 1, 1, 1, 2, 2, 1, 4, 1, 1, 1, 1, 3, 2, 1, 3, 2, 2, 1, 2, 1, 2, 2, 3, 4, 1, 1, 2, 2, 2, 1, 4, 2, 1, 1, 1, 1, 1, 4, 2, 1, 4, 1, 1, 1, 1, 1, 1, 1, 1, 3, 1, 1, 1, 1, 1, 1, 1, 1, 4, 1, 1, 1, 1, 1, 2, 1, 3, 4, 4, 3, 3, 2, 2, 1, 1, 1, 1, 2, 1, 3, 1, 1, 3, 1, 2, 1, 1, 1, 1, 1, 1, 3, 2, 2, 1, 1, 2, 3, 1, 1, 4, 1, 3, 1, 2, 1, 1, 1, 2, 2, 1, 1]",5,"[0.575, 0.205, 0.09, 0.115, 0.015]"
Camk1d,"[2, 1, 1, 3, 1, 2, 3, 2, 1, 2, 2, 1, 1, 2, 2, 1, 2, 1, 4, 1, 1, 1, 1, 1, 3, 1, 2, 1, 1, 1, 3, 3, 2, 2, 3, 2, 1, 1, 1, 2, 1, 1, 2, 3, 1, 1, 1, 3, 1, 2, 2, 2, 1, 3, 1, 1, 2, 1, 1, 3, 1, 3, 4, 1, 1, 3, 1, 1, 2, 2, 1, 1, 4, 1, 4, 1, 2, 1, 1, 1, 2, 3, 1, 1, 4, 2, 1, 3, 2, 2, 1, 1, 1, 3, 2, 1, 1, 1, 2, 2, 1, 1, 3, 1, 3, 1, 1, 1, 1, 2, 2, 1, 1, 1, 1, 1, 2, 1, 4, 1, 1, 1, 2, 1, 2, 3, 2, 2, 2, 1, 1, 3, 2, 1, 2, 1, 1, 3, 1, 3, 1, 1, 1, 3, 1, 1, 1, 1, 1, 1, 1, 1, 1, 1, 1, 3, 4, 3, 3, 2, 4, 1, 1, 1, 1, 3, 1, 1, 4, 1, 1, 1, 2, 1, 2, 1, 1, 1, 1, 1, 3, 1, 2, 1, 3, 2, 3, 1, 1, 2, 3, 1, 2, 3, 1, 1, 2, 1, 1, 1]",4,"[0.57, 0.23, 0.155, 0.045]"
Ank,"[1, 2, 1, 5, 2, 1, 1, 4, 1, 3, 1, 4, 1, 1, 1, 1, 1, 2, 4, 1, 1, 2, 1, 4, 4, 1, 5, 4, 1, 1, 5, 3, 3, 2, 1, 3, 1, 3, 2, 5, 1, 1, 3, 4, 2, 2, 1, 2, 1, 2, 2, 3, 1, 2, 3, 2, 1, 1, 3, 5, 1, 3, 5, 2, 3, 5, 3, 1, 1, 2, 2, 1, 4, 3, 1, 2, 3, 1, 3, 1, 3, 5, 1, 1, 1, 1, 5, 5, 1, 1, 1, 1, 2, 2, 1, 1, 1, 3, 1, 5, 1, 5, 2, 2, 3, 2, 1, 2, 5, 4, 4, 1, 2, 1, 1, 3, 1, 1, 5, 2, 2, 1, 1, 2, 2, 5, 2, 2, 5, 1, 1, 2, 2, 3, 2, 1, 5, 3, 3, 3, 3, 2, 1, 1, 1, 1, 4, 2, 2, 2, 2, 2, 1, 1, 1, 4, 2, 1, 2, 1, 3, 1, 4, 1, 3, 2, 1, 2, 5, 3, 2, 1, 1, 2, 1, 1, 3, 2, 1, 1, 1, 1, 1, 1, 2, 2, 3, 1, 1, 4, 2, 3, 2, 2, 2, 2, 3, 2, 1, 1]",5,"[0.415, 0.27, 0.155, 0.07, 0.09]"
Herc2,"[3, 1, 3, 4, 2, 2, 3, 3, 1, 4, 1, 2, 1, 3, 3, 2, 4, 2, 5, 2, 2, 3, 1, 3, 5, 3, 3, 1, 1, 1, 3, 3, 1, 2, 3, 1, 1, 1, 3, 4, 1, 3, 1, 2, 1, 1, 2, 4, 2, 2, 2, 3, 1, 3, 1, 1, 3, 2, 3, 1, 2, 3, 5, 4, 2, 2, 2, 1, 1, 3, 4, 1, 4, 2, 4, 1, 3, 1, 2, 1, 3, 3, 1, 2, 5, 3, 1, 4, 3, 2, 1, 1, 2, 3, 4, 1, 1, 1, 1, 3, 3, 1, 3, 1, 4, 1, 2, 1, 2, 4, 4, 3, 3, 1, 1, 4, 2, 3, 4, 1, 1, 3, 2, 1, 3, 3, 3, 3, 3, 2, 1, 4, 1, 1, 1, 1, 3, 3, 1, 3, 2, 1, 1, 4, 1, 1, 4, 2, 1, 2, 2, 1, 1, 2, 2, 4, 4, 2, 5, 1, 4, 3, 2, 1, 1, 2, 3, 3, 5, 1, 2, 3, 1, 1, 2, 1, 2, 1, 1, 1, 4, 1, 2, 1, 4, 2, 3, 1, 4, 1, 4, 2, 3, 3, 1, 2, 2, 1, 1, 1]",5,"[0.37, 0.225, 0.245, 0.13, 0.03]"
Brd2,"[2, 2, 3, 4, 1, 1, 3, 4, 1, 4, 2, 1, 2, 1, 2, 2, 2, 2, 4, 1, 1, 1, 1, 1, 2, 1, 3, 2, 1, 2, 2, 1, 4, 2, 1, 2, 1, 1, 5, 4, 2, 1, 1, 3, 1, 3, 1, 4, 2, 2, 2, 2, 1, 2, 2, 1, 1, 5, 1, 3, 2, 3, 4, 2, 1, 2, 2, 2, 1, 1, 4, 3, 2, 2, 4, 1, 1, 1, 3, 1, 4, 2, 1, 1, 4, 3, 2, 3, 1, 1, 1, 1, 2, 2, 4, 3, 2, 1, 1, 3, 3, 1, 2, 2, 4, 3, 1, 1, 2, 2, 2, 2, 1, 1, 2, 1, 2, 2, 2, 2, 1, 1, 1, 1, 1, 4, 3, 2, 1, 1, 1, 2, 1, 1, 2, 3, 1, 2, 3, 2, 1, 1, 1, 3, 2, 1, 2, 1, 1, 2, 4, 2, 2, 1, 1, 3, 2, 3, 2, 1, 3, 2, 3, 1, 2, 2, 2, 4, 3, 2, 1, 1, 1, 2, 5, 1, 1, 4, 2, 2, 2, 3, 1, 1, 2, 3, 2, 1, 2, 3, 3, 3, 1, 3, 1, 2, 2, 1, 1, 1]",5,"[0.395, 0.35, 0.15, 0.09, 0.015]"
Fbxo11,"[1, 1, 1, 4, 1, 2, 2, 3, 1, 2, 2, 1, 1, 3, 2, 1, 2, 1, 3, 1, 1, 1, 1, 4, 2, 1, 3, 1, 1, 1, 2, 2, 2, 2, 2, 2, 1, 1, 1, 2, 1, 1, 2, 2, 2, 1, 2, 3, 1, 2, 1, 2, 1, 2, 1, 1, 1, 1, 1, 2, 1, 1, 2, 1, 1, 2, 1, 1, 1, 2, 2, 2, 3, 1, 4, 1, 2, 1, 1, 1, 3, 2, 1, 1, 2, 1, 1, 4, 2, 1, 1, 1, 1, 2, 3, 1, 1, 2, 2, 3, 1, 2, 1, 2, 2, 1, 1, 1, 1, 3, 2, 1, 2, 1, 1, 2, 2, 1, 3, 1, 1, 1, 2, 1, 2, 3, 1, 2, 2, 2, 1, 3, 1, 1, 2, 2, 1, 2, 1, 2, 1, 1, 1, 1, 1, 1, 3, 1, 1, 2, 1, 1, 1, 1, 1, 3, 3, 2, 3, 3, 3, 2, 1, 1, 1, 1, 2, 2, 4, 1, 1, 1, 2, 1, 3, 1, 2, 2, 1, 1, 3, 1, 1, 1, 2, 1, 2, 1, 2, 1, 3, 2, 3, 1, 1, 2, 1, 1, 1, 1]",4,"[0.545, 0.315, 0.115, 0.025]"
Atp2b2,"[2, 2, 2, 4, 1, 1, 3, 4, 1, 4, 2, 3, 1, 2, 2, 1, 4, 1, 4, 2, 2, 2, 1, 1, 2, 2, 4, 1, 1, 1, 3, 1, 4, 2, 2, 2, 2, 1, 4, 5, 1, 2, 2, 3, 1, 1, 1, 4, 1, 3, 1, 4, 2, 4, 3, 1, 3, 1, 1, 2, 1, 3, 5, 2, 1, 3, 4, 2, 1, 3, 3, 1, 5, 1, 3, 1, 3, 1, 1, 1, 4, 3, 2, 1, 5, 2, 1, 4, 2, 2, 1, 1, 2, 4, 5, 1, 1, 1, 1, 4, 4, 1, 2, 1, 3, 2, 1, 2, 4, 3, 4, 2, 2, 1, 1, 3, 5, 2, 4, 2, 1, 1, 1, 1, 2, 5, 4, 3, 2, 1, 1, 3, 2, 1, 3, 3, 2, 3, 1, 3, 1, 1, 1, 4, 1, 2, 3, 1, 1, 5, 4, 2, 1, 1, 3, 4, 3, 3, 4, 4, 3, 1, 2, 1, 1, 3, 2, 3, 4, 2, 2, 2, 2, 2, 4, 1, 2, 2, 1, 1, 4, 2, 2, 1, 4, 1, 2, 1, 3, 2, 4, 1, 2, 2, 1, 1, 1, 2, 1, 1]",5,"[0.375, 0.275, 0.155, 0.155, 0.04]"
Lphn1,"[2, 1, 2, 4, 1, 2, 2, 3, 1, 2, 2, 2, 1, 2, 2, 1, 3, 1, 4, 2, 1, 2, 1, 1, 4, 1, 3, 1, 1, 2, 3, 1, 3, 1, 3, 1, 1, 1, 3, 3, 1, 1, 1, 3, 1, 1, 2, 4, 1, 4, 3, 3, 2, 3, 1, 1, 2, 1, 1, 3, 1, 3, 4, 3, 2, 2, 3, 2, 1, 3, 2, 1, 4, 1, 2, 1, 2, 2, 1, 2, 3, 2, 1, 2, 4, 2, 1, 4, 1, 2, 1, 2, 2, 2, 3, 2, 1, 1, 2, 3, 2, 1, 3, 1, 3, 1, 2, 1, 3, 3, 3, 2, 2, 1, 1, 2, 2, 2, 4, 2, 1, 2, 3, 2, 2, 3, 3, 2, 2, 1, 2, 3, 1, 1, 3, 3, 1, 2, 1, 2, 2, 1, 1, 3, 1, 1, 2, 2, 1, 3, 2, 1, 1, 2, 2, 4, 3, 3, 4, 3, 3, 1, 2, 1, 1, 2, 1, 2, 4, 1, 2, 2, 1, 1, 4, 2, 2, 1, 1, 1, 3, 1, 2, 1, 3, 2, 2, 1, 4, 3, 3, 1, 2, 3, 1, 1, 1, 1, 1, 1]",4,"[0.39, 0.325, 0.21, 0.075]"
Abr,"[2, 3, 2, 4, 1, 2, 3, 3, 2, 3, 2, 2, 2, 2, 2, 2, 3, 2, 4, 1, 1, 1, 1, 1, 2, 2, 2, 1, 1, 2, 2, 2, 2, 2, 2, 2, 2, 1, 2, 2, 1, 1, 2, 3, 1, 1, 2, 4, 2, 2, 2, 2, 2, 3, 2, 1, 2, 4, 1, 3, 1, 3, 4, 2, 1, 2, 4, 1, 1, 2, 2, 1, 4, 1, 4, 1, 4, 2, 1, 1, 1, 2, 2, 1, 4, 2, 1, 4, 2, 2, 2, 2, 1, 3, 3, 1, 2, 1, 1, 1, 2, 1, 2, 1, 4, 1, 1, 1, 2, 3, 2, 1, 1, 1, 1, 2, 3, 2, 4, 2, 1, 1, 2, 1, 2, 2, 2, 2, 4, 2, 1, 3, 1, 2, 3, 2, 1, 3, 1, 2, 1, 1, 1, 2, 1, 1, 2, 2, 1, 4, 3, 2, 1, 2, 2, 3, 4, 3, 4, 3, 4, 1, 1, 2, 1, 2, 1, 2, 4, 1, 1, 2, 2, 2, 3, 1, 2, 2, 1, 1, 3, 2, 3, 1, 3, 2, 2, 2, 2, 3, 3, 1, 4, 3, 1, 1, 2, 1, 1, 2]",4,"[0.35, 0.415, 0.135, 0.1]"
Asph,"[2, 1, 1, 3, 1, 2, 1, 4, 1, 2, 2, 1, 1, 2, 1, 1, 2, 2, 2, 1, 1, 2, 1, 1, 2, 1, 1, 1, 1, 2, 2, 1, 2, 1, 1, 1, 1, 1, 2, 2, 1, 1, 2, 2, 1, 1, 1, 3, 1, 1, 2, 4, 1, 3, 1, 1, 1, 1, 1, 3, 1, 2, 3, 3, 2, 1, 3, 3, 1, 1, 2, 1, 3, 1, 3, 1, 4, 2, 1, 1, 1, 2, 3, 2, 3, 1, 1, 2, 2, 1, 1, 2, 2, 2, 4, 1, 1, 1, 1, 3, 1, 1, 2, 2, 2, 1, 1, 1, 1, 3, 2, 1, 1, 1, 3, 1, 2, 1, 2, 1, 1, 1, 2, 1, 1, 2, 2, 1, 2, 1, 1, 2, 2, 2, 2, 1, 1, 2, 1, 1, 2, 1, 1, 2, 1, 1, 2, 2, 1, 2, 4, 1, 1, 1, 1, 3, 2, 2, 3, 2, 2, 1, 2, 2, 1, 1, 1, 2, 1, 1, 1, 1, 1, 1, 1, 1, 3, 2, 1, 1, 2, 1, 3, 1, 2, 2, 2, 3, 2, 2, 2, 1, 1, 2, 1, 1, 1, 2, 1, 3]",4,"[0.54, 0.33, 0.105, 0.025]"
Bai1,"[1, 1, 1, 3, 2, 1, 2, 2, 1, 5, 2, 2, 1, 2, 1, 2, 1, 1, 4, 1, 1, 1, 1, 1, 3, 2, 2, 2, 1, 1, 2, 1, 2, 2, 3, 2, 2, 1, 4, 5, 2, 1, 2, 1, 2, 1, 2, 4, 1, 3, 2, 2, 2, 1, 2, 1, 2, 1, 1, 1, 1, 2, 4, 1, 1, 2, 3, 2, 1, 3, 1, 1, 4, 2, 3, 1, 1, 1, 1, 1, 2, 1, 1, 1, 4, 2, 1, 5, 2, 1, 1, 1, 4, 2, 5, 2, 2, 1, 1, 3, 3, 2, 2, 1, 1, 1, 1, 1, 4, 4, 2, 1, 3, 1, 1, 1, 4, 1, 4, 2, 1, 2, 3, 1, 2, 2, 2, 2, 2, 1, 1, 2, 2, 2, 3, 2, 2, 2, 1, 1, 1, 1, 2, 4, 1, 2, 1, 1, 1, 2, 3, 1, 1, 1, 2, 2, 3, 2, 3, 2, 3, 1, 2, 1, 3, 2, 2, 2, 2, 1, 3, 2, 2, 2, 3, 1, 2, 2, 3, 2, 2, 2, 2, 1, 3, 2, 2, 2, 2, 4, 3, 1, 2, 3, 1, 1, 1, 1, 1, 1]",5,"[0.42, 0.38, 0.115, 0.065, 0.02]"
Strbp,"[1, 2, 2, 4, 1, 2, 2, 3, 1, 4, 4, 2, 1, 2, 1, 1, 2, 1, 4, 2, 2, 2, 1, 2, 3, 1, 3, 1, 2, 2, 3, 2, 3, 1, 3, 2, 1, 1, 2, 3, 1, 1, 2, 3, 1, 1, 2, 5, 1, 4, 2, 4, 1, 3, 2, 1, 3, 1, 2, 2, 1, 2, 5, 4, 1, 2, 2, 3, 1, 3, 4, 1, 4, 1, 1, 1, 2, 1, 1, 1, 4, 3, 2, 1, 4, 2, 1, 3, 2, 2, 1, 1, 2, 3, 5, 1, 1, 1, 2, 2, 2, 1, 2, 1, 3, 2, 2, 1, 2, 2, 3, 3, 2, 1, 1, 2, 3, 1, 3, 2, 1, 2, 2, 1, 1, 3, 2, 2, 3, 1, 1, 4, 2, 1, 3, 3, 1, 3, 1, 2, 2, 1, 1, 2, 1, 1, 2, 2, 1, 2, 2, 1, 1, 2, 2, 2, 2, 2, 4, 2, 4, 1, 1, 2, 1, 2, 1, 2, 5, 1, 2, 2, 1, 2, 2, 1, 3, 2, 1, 1, 4, 2, 2, 1, 3, 2, 2, 1, 3, 2, 3, 1, 2, 2, 1, 1, 1, 2, 2, 1]",5,"[0.375, 0.385, 0.145, 0.075, 0.02]"
Gjc3,"[1, 2, 1, 1, 1, 1, 1, 1, 3, 1, 1, 1, 1, 1, 1, 1, 1, 1, 1, 3, 3, 2, 3, 2, 1, 1, 1, 2, 1, 1, 1, 1, 2, 1, 1, 1, 1, 3, 1, 1, 2, 1, 1, 1, 2, 2, 1, 1, 1, 1, 1, 1, 1, 1, 1, 2, 1, 1, 2, 1, 2, 1, 1, 1, 1, 1, 1, 2, 1, 1, 1, 1, 2, 2, 1, 2, 1, 1, 2, 2, 1, 1, 1, 1, 1, 1, 3, 1, 1, 1, 1, 1, 2, 1, 1, 3, 1, 2, 1, 1, 1, 3, 1, 2, 1, 3, 1, 2, 1, 1, 1, 2, 1, 2, 2, 1, 1, 1, 1, 1, 2, 1, 1, 2, 2, 1, 1, 2, 1, 1, 1, 1, 1, 2, 1, 1, 3, 1, 2, 1, 2, 2, 2, 1, 3, 3, 1, 1, 1, 1, 1, 1, 2, 1, 1, 1, 1, 1, 1, 1, 1, 2, 1, 1, 1, 1, 2, 1, 1, 2, 2, 1, 1, 1, 1, 1, 1, 1, 2, 2, 1, 2, 1, 3, 1, 1, 1, 1, 1, 1, 1, 2, 1, 1, 3, 3, 1, 1, 1, 1]",3,"[0.715, 0.21, 0.075]"
Csrp1,"[1, 3, 2, 1, 3, 1, 1, 1, 3, 1, 1, 1, 3, 1, 1, 1, 1, 3, 1, 3, 3, 3, 3, 3, 3, 1, 1, 3, 3, 2, 1, 1, 3, 1, 1, 1, 3, 3, 1, 1, 4, 2, 1, 1, 3, 3, 1, 1, 1, 3, 1, 1, 3, 1, 1, 3, 1, 2, 3, 1, 3, 1, 1, 1, 3, 2, 1, 3, 1, 1, 1, 1, 1, 3, 1, 3, 1, 3, 3, 1, 1, 1, 1, 1, 1, 1, 4, 1, 1, 1, 2, 2, 3, 1, 1, 3, 3, 3, 3, 1, 1, 3, 1, 3, 1, 3, 1, 3, 2, 1, 1, 1, 3, 3, 3, 1, 1, 1, 1, 1, 3, 2, 1, 3, 1, 1, 1, 1, 1, 3, 1, 1, 1, 3, 1, 1, 3, 1, 3, 1, 3, 3, 3, 1, 3, 3, 1, 2, 2, 1, 1, 2, 3, 1, 2, 1, 1, 1, 2, 1, 1, 3, 1, 1, 2, 1, 3, 1, 1, 3, 3, 1, 1, 1, 1, 2, 1, 1, 3, 3, 1, 3, 1, 3, 1, 1, 1, 3, 1, 1, 1, 3, 1, 1, 3, 3, 3, 3, 1, 2]",4,"[0.57, 0.085, 0.335, 0.01]"
Gatm,"[1, 3, 3, 1, 3, 1, 1, 1, 4, 1, 1, 1, 1, 1, 1, 1, 1, 1, 1, 2, 3, 3, 1, 4, 3, 3, 1, 3, 3, 2, 2, 1, 3, 1, 1, 1, 1, 3, 1, 1, 3, 1, 1, 1, 3, 4, 1, 1, 3, 1, 1, 2, 1, 1, 1, 3, 1, 1, 3, 1, 3, 1, 2, 1, 1, 2, 1, 2, 3, 2, 1, 3, 1, 3, 1, 3, 1, 1, 4, 3, 1, 1, 1, 3, 1, 1, 4, 2, 1, 1, 1, 1, 3, 1, 1, 3, 1, 4, 1, 1, 1, 4, 1, 3, 1, 3, 3, 3, 2, 1, 1, 1, 3, 3, 1, 1, 1, 1, 1, 1, 3, 1, 1, 3, 3, 2, 1, 1, 1, 1, 2, 1, 3, 3, 1, 1, 4, 1, 3, 1, 3, 3, 4, 1, 1, 3, 1, 1, 4, 1, 1, 2, 3, 1, 1, 1, 3, 1, 1, 1, 1, 3, 3, 1, 1, 3, 3, 1, 1, 3, 3, 1, 1, 1, 1, 3, 1, 1, 3, 3, 1, 3, 1, 3, 1, 1, 1, 1, 1, 1, 1, 4, 1, 1, 4, 3, 3, 1, 3, 1]",4,"[0.595, 0.065, 0.28, 0.06]"
Bcan,"[1, 1, 2, 1, 1, 1, 2, 1, 3, 1, 1, 1, 3, 1, 1, 2, 1, 3, 1, 1, 1, 1, 1, 1, 1, 1, 1, 1, 1, 4, 2, 1, 2, 1, 1, 1, 3, 3, 1, 1, 1, 3, 1, 1, 1, 1, 1, 2, 3, 3, 1, 1, 2, 1, 4, 1, 3, 3, 1, 1, 1, 1, 3, 1, 4, 3, 1, 1, 1, 1, 1, 1, 2, 1, 1, 1, 1, 3, 1, 1, 1, 1, 1, 1, 1, 2, 1, 1, 1, 1, 3, 3, 2, 3, 1, 1, 3, 1, 3, 1, 1, 1, 1, 1, 1, 1, 1, 1, 2, 1, 1, 1, 1, 1, 3, 1, 1, 1, 1, 1, 1, 3, 1, 2, 3, 1, 1, 1, 1, 3, 1, 1, 1, 2, 1, 2, 1, 1, 1, 2, 1, 1, 1, 3, 1, 1, 2, 4, 1, 2, 1, 4, 1, 1, 4, 2, 1, 1, 1, 1, 3, 1, 1, 3, 3, 1, 1, 1, 3, 1, 1, 1, 1, 1, 3, 1, 1, 1, 1, 1, 1, 1, 1, 1, 1, 1, 1, 3, 1, 3, 2, 1, 1, 2, 2, 1, 3, 3, 1, 4]",4,"[0.7, 0.105, 0.16, 0.035]"
Rnf44,"[1, 1, 1, 1, 1, 1, 1, 2, 1, 2, 2, 1, 2, 2, 1, 3, 2, 1, 3, 1, 1, 1, 1, 3, 2, 3, 1, 1, 1, 1, 1, 1, 1, 1, 3, 1, 1, 1, 3, 3, 2, 1, 1, 3, 1, 1, 3, 3, 1, 1, 2, 2, 1, 1, 1, 2, 3, 1, 1, 2, 1, 2, 4, 2, 1, 1, 1, 1, 2, 1, 3, 1, 3, 2, 4, 1, 3, 3, 2, 1, 1, 2, 1, 1, 4, 2, 2, 3, 1, 1, 1, 1, 1, 3, 4, 1, 4, 3, 1, 3, 1, 3, 2, 1, 2, 1, 3, 1, 2, 3, 3, 1, 1, 1, 2, 2, 3, 2, 3, 3, 1, 1, 1, 1, 1, 1, 2, 2, 1, 1, 1, 2, 1, 1, 1, 1, 2, 2, 2, 2, 1, 1, 1, 3, 1, 2, 2, 1, 1, 1, 4, 2, 1, 1, 1, 1, 3, 3, 3, 2, 2, 1, 1, 1, 1, 1, 1, 2, 2, 1, 2, 3, 1, 1, 3, 1, 2, 4, 2, 2, 2, 1, 1, 3, 1, 1, 1, 1, 3, 3, 3, 1, 1, 3, 1, 2, 1, 1, 1, 1]",4,"[0.55, 0.23, 0.185, 0.035]"
Efnb3,"[1, 2, 1, 2, 4, 2, 2, 2, 4, 1, 1, 1, 1, 1, 2, 1, 1, 1, 1, 2, 2, 3, 2, 4, 3, 1, 1, 3, 2, 1, 2, 2, 3, 1, 2, 1, 1, 4, 1, 2, 2, 1, 1, 2, 4, 4, 2, 3, 1, 1, 1, 1, 1, 3, 1, 2, 1, 1, 2, 2, 2, 2, 4, 1, 2, 1, 2, 3, 1, 1, 1, 1, 4, 2, 3, 2, 1, 1, 4, 2, 1, 1, 1, 1, 4, 2, 4, 4, 1, 1, 1, 1, 2, 2, 2, 4, 1, 4, 1, 1, 1, 3, 2, 2, 3, 4, 2, 4, 2, 2, 1, 1, 2, 3, 1, 2, 2, 1, 4, 2, 2, 1, 2, 2, 1, 2, 2, 1, 3, 1, 1, 2, 1, 4, 3, 2, 2, 1, 3, 4, 2, 2, 4, 2, 3, 2, 2, 1, 2, 3, 1, 1, 2, 2, 1, 1, 4, 2, 3, 2, 4, 2, 1, 1, 1, 1, 2, 2, 2, 2, 4, 1, 1, 2, 2, 1, 1, 1, 3, 3, 3, 3, 1, 4, 3, 2, 1, 1, 2, 2, 2, 3, 2, 2, 2, 4, 1, 1, 1, 1]",4,"[0.4, 0.36, 0.115, 0.125]"
Rap1a,"[1, 1, 2, 2, 3, 2, 2, 2, 2, 1, 1, 1, 1, 1, 2, 1, 2, 2, 1, 1, 1, 5, 1, 5, 3, 1, 2, 1, 2, 2, 2, 1, 3, 2, 2, 1, 1, 2, 1, 3, 2, 1, 1, 2, 4, 3, 1, 3, 1, 1, 1, 1, 1, 1, 1, 3, 1, 1, 1, 2, 2, 1, 3, 1, 1, 1, 4, 1, 5, 1, 2, 1, 3, 3, 5, 1, 3, 1, 3, 2, 1, 1, 1, 2, 3, 1, 3, 4, 1, 1, 1, 1, 2, 3, 3, 5, 1, 5, 1, 1, 2, 4, 1, 4, 2, 2, 1, 1, 2, 1, 2, 2, 2, 1, 4, 2, 2, 1, 4, 2, 2, 1, 1, 1, 2, 2, 1, 2, 2, 2, 1, 1, 1, 2, 2, 1, 4, 1, 2, 2, 2, 2, 4, 1, 3, 2, 2, 1, 2, 3, 2, 1, 2, 1, 1, 1, 3, 2, 3, 1, 1, 4, 1, 1, 1, 3, 2, 2, 2, 1, 2, 2, 1, 2, 1, 4, 1, 2, 3, 1, 2, 3, 1, 3, 1, 2, 1, 1, 3, 1, 2, 3, 3, 2, 2, 5, 1, 1, 1, 4]",5,"[0.45, 0.32, 0.135, 0.06, 0.035]"
Ddr1,"[2, 2, 4, 1, 2, 2, 1, 1, 4, 1, 2, 2, 1, 1, 1, 1, 2, 4, 2, 3, 4, 1, 1, 5, 1, 1, 2, 4, 4, 1, 1, 1, 3, 1, 1, 1, 1, 4, 3, 1, 2, 1, 2, 1, 1, 4, 1, 1, 1, 1, 1, 1, 2, 1, 1, 1, 4, 1, 1, 2, 2, 1, 1, 1, 1, 1, 1, 3, 1, 1, 1, 1, 2, 2, 1, 3, 1, 1, 2, 1, 4, 1, 1, 1, 1, 1, 5, 1, 1, 1, 1, 4, 4, 1, 1, 1, 1, 4, 1, 1, 1, 5, 1, 4, 1, 4, 1, 4, 1, 2, 2, 1, 5, 3, 1, 1, 1, 1, 1, 1, 2, 1, 1, 3, 1, 3, 1, 1, 2, 1, 1, 1, 1, 4, 1, 1, 4, 1, 2, 1, 2, 2, 5, 1, 5, 2, 1, 1, 4, 1, 1, 2, 3, 1, 1, 4, 1, 1, 1, 1, 1, 3, 1, 1, 1, 1, 4, 2, 1, 2, 3, 1, 1, 1, 1, 1, 1, 2, 4, 4, 2, 4, 1, 4, 1, 1, 1, 2, 1, 1, 1, 3, 1, 2, 3, 4, 2, 2, 1, 1]",5,"[0.605, 0.17, 0.065, 0.13, 0.03]"
Tulp4,"[1, 3, 1, 4, 4, 2, 1, 4, 3, 2, 2, 1, 2, 1, 1, 2, 3, 2, 3, 3, 1, 3, 3, 4, 3, 2, 2, 3, 1, 1, 1, 1, 3, 1, 1, 1, 1, 5, 4, 1, 2, 1, 1, 2, 1, 3, 2, 2, 1, 1, 2, 2, 1, 1, 1, 3, 2, 1, 1, 2, 2, 2, 5, 2, 3, 1, 3, 3, 1, 1, 2, 1, 2, 2, 5, 3, 3, 1, 4, 1, 3, 3, 3, 1, 3, 2, 3, 3, 1, 1, 1, 1, 4, 1, 3, 2, 1, 3, 1, 3, 3, 3, 4, 2, 3, 3, 1, 1, 1, 1, 4, 2, 4, 5, 1, 2, 1, 1, 3, 2, 1, 1, 3, 3, 4, 4, 1, 3, 1, 1, 1, 2, 1, 2, 1, 1, 2, 3, 4, 1, 1, 3, 1, 3, 1, 1, 3, 1, 2, 2, 2, 1, 2, 3, 1, 3, 2, 3, 3, 3, 3, 2, 2, 1, 1, 1, 1, 1, 4, 3, 3, 3, 1, 1, 2, 2, 1, 1, 2, 2, 2, 5, 3, 4, 2, 1, 2, 1, 3, 2, 3, 5, 2, 2, 2, 4, 3, 1, 1, 1]",5,"[0.39, 0.245, 0.255, 0.08, 0.03]"
Tpd52,"[1, 1, 1, 4, 2, 1, 1, 1, 3, 1, 1, 1, 1, 1, 1, 1, 2, 2, 3, 1, 4, 1, 2, 3, 4, 1, 1, 3, 4, 1, 2, 1, 4, 2, 1, 1, 1, 1, 1, 2, 2, 1, 1, 5, 4, 4, 1, 1, 1, 1, 1, 1, 1, 2, 1, 2, 1, 1, 2, 3, 2, 4, 2, 3, 1, 2, 4, 1, 4, 1, 4, 1, 1, 4, 4, 2, 1, 1, 2, 1, 1, 3, 1, 2, 2, 2, 3, 2, 1, 1, 1, 1, 1, 2, 4, 1, 1, 4, 1, 3, 2, 1, 2, 3, 1, 5, 1, 4, 2, 4, 1, 1, 1, 3, 4, 1, 2, 1, 3, 2, 1, 1, 1, 2, 3, 1, 1, 2, 1, 1, 1, 2, 3, 1, 1, 1, 4, 1, 1, 1, 2, 4, 1, 2, 1, 1, 1, 1, 3, 1, 1, 1, 2, 1, 1, 2, 4, 3, 4, 1, 2, 1, 1, 1, 1, 4, 4, 1, 1, 4, 1, 3, 1, 1, 1, 1, 1, 1, 2, 3, 1, 2, 1, 4, 2, 1, 2, 1, 1, 1, 4, 3, 4, 4, 3, 2, 1, 1, 1, 1]",5,"[0.55, 0.195, 0.1, 0.145, 0.01]"
Cadm4,"[1, 2, 1, 2, 2, 1, 1, 3, 3, 3, 3, 2, 2, 2, 1, 2, 2, 4, 5, 3, 1, 3, 2, 2, 3, 1, 2, 1, 2, 1, 4, 1, 3, 3, 1, 1, 1, 3, 3, 1, 2, 1, 2, 5, 2, 1, 1, 1, 1, 3, 1, 2, 2, 2, 2, 2, 1, 1, 3, 1, 2, 4, 2, 4, 2, 1, 1, 2, 1, 3, 1, 1, 2, 2, 2, 2, 2, 1, 3, 1, 3, 2, 3, 1, 2, 1, 2, 2, 3, 1, 2, 1, 3, 1, 4, 2, 2, 2, 1, 3, 2, 4, 3, 4, 1, 4, 1, 1, 3, 2, 3, 1, 3, 2, 1, 1, 1, 1, 3, 1, 2, 2, 1, 2, 2, 4, 2, 1, 2, 1, 1, 1, 2, 4, 3, 1, 4, 3, 2, 2, 2, 3, 2, 2, 4, 2, 1, 1, 2, 3, 3, 2, 2, 3, 2, 4, 2, 3, 3, 1, 1, 2, 1, 1, 1, 1, 3, 2, 3, 2, 2, 1, 1, 1, 3, 1, 1, 3, 2, 2, 2, 1, 1, 3, 1, 1, 2, 1, 3, 1, 2, 4, 1, 2, 2, 3, 2, 2, 1, 1]",5,"[0.365, 0.355, 0.2, 0.07, 0.01]"
Reep5,"[3, 2, 3, 4, 3, 4, 3, 3, 2, 5, 4, 3, 2, 2, 3, 1, 3, 2, 5, 1, 1, 3, 1, 4, 3, 1, 5, 1, 1, 2, 3, 6, 3, 5, 4, 3, 3, 3, 5, 4, 1, 2, 1, 5, 1, 3, 3, 5, 1, 1, 3, 4, 2, 4, 1, 1, 4, 1, 1, 2, 1, 4, 5, 2, 4, 3, 5, 1, 2, 1, 5, 3, 4, 1, 3, 2, 4, 1, 1, 2, 6, 5, 2, 1, 4, 1, 2, 4, 3, 2, 3, 1, 2, 4, 4, 1, 1, 3, 1, 5, 4, 1, 3, 2, 4, 3, 1, 1, 1, 3, 5, 3, 3, 1, 4, 4, 4, 3, 5, 5, 1, 1, 1, 1, 2, 6, 4, 1, 3, 1, 1, 3, 1, 1, 1, 3, 2, 4, 2, 2, 2, 2, 3, 4, 1, 2, 3, 1, 1, 3, 4, 3, 3, 2, 1, 3, 4, 4, 5, 3, 4, 3, 1, 1, 1, 1, 3, 4, 5, 1, 3, 4, 2, 3, 3, 3, 3, 4, 2, 2, 4, 1, 4, 3, 4, 3, 2, 1, 5, 3, 5, 2, 4, 3, 1, 2, 3, 2, 1, 1]",6,"[0.285, 0.165, 0.26, 0.18, 0.095, 0.015]"
Slc12a2,"[2, 4, 1, 1, 5, 3, 1, 1, 3, 3, 1, 2, 1, 1, 1, 1, 1, 2, 1, 2, 3, 3, 2, 4, 4, 1, 1, 3, 3, 1, 1, 1, 3, 1, 3, 3, 1, 3, 3, 1, 3, 1, 1, 2, 3, 3, 1, 2, 1, 3, 1, 1, 3, 1, 1, 3, 1, 1, 4, 2, 3, 1, 1, 2, 1, 3, 1, 2, 1, 2, 2, 1, 2, 4, 2, 3, 1, 1, 5, 3, 1, 3, 2, 1, 1, 1, 4, 3, 2, 2, 1, 1, 4, 3, 3, 3, 2, 4, 1, 1, 1, 5, 1, 4, 1, 3, 1, 3, 3, 2, 1, 3, 3, 3, 1, 2, 2, 1, 3, 2, 4, 1, 1, 3, 1, 2, 3, 2, 2, 1, 1, 1, 2, 3, 1, 1, 5, 1, 3, 2, 3, 2, 3, 3, 4, 4, 1, 2, 3, 2, 1, 1, 3, 2, 2, 3, 1, 1, 2, 1, 1, 3, 1, 1, 1, 2, 4, 1, 3, 3, 3, 1, 1, 1, 1, 1, 2, 1, 4, 3, 1, 4, 1, 5, 2, 1, 1, 1, 2, 1, 3, 4, 1, 1, 3, 4, 1, 1, 3, 1]",5,"[0.445, 0.185, 0.26, 0.085, 0.025]"
Abcd3,"[1, 1, 2, 1, 2, 1, 2, 3, 2, 1, 1, 3, 1, 2, 1, 2, 2, 2, 3, 1, 1, 4, 1, 1, 2, 1, 3, 1, 3, 3, 3, 1, 3, 1, 1, 2, 2, 3, 3, 1, 3, 1, 2, 2, 3, 1, 1, 1, 1, 4, 1, 3, 1, 1, 2, 1, 1, 1, 1, 3, 2, 1, 3, 2, 2, 1, 4, 1, 2, 1, 3, 1, 2, 1, 3, 1, 4, 3, 1, 2, 1, 3, 1, 1, 4, 1, 3, 2, 2, 1, 1, 1, 2, 3, 1, 1, 4, 1, 1, 3, 3, 3, 1, 1, 2, 3, 1, 1, 3, 1, 2, 1, 3, 3, 1, 1, 1, 1, 4, 1, 1, 1, 2, 4, 2, 2, 1, 2, 1, 1, 1, 3, 1, 4, 1, 2, 3, 4, 3, 3, 3, 1, 2, 1, 1, 4, 3, 1, 1, 3, 3, 1, 2, 1, 3, 3, 2, 2, 3, 1, 4, 1, 1, 1, 1, 1, 3, 2, 3, 3, 3, 1, 2, 2, 4, 1, 1, 1, 2, 1, 2, 1, 1, 1, 1, 1, 2, 3, 1, 3, 4, 1, 2, 2, 2, 1, 3, 2, 1, 1]",4,"[0.48, 0.22, 0.23, 0.07]"
Ktn1,"[2, 3, 4, 3, 3, 1, 2, 3, 3, 2, 4, 1, 1, 1, 1, 1, 2, 3, 3, 2, 1, 4, 1, 3, 4, 1, 4, 2, 4, 2, 3, 1, 3, 2, 4, 2, 1, 1, 4, 4, 2, 2, 2, 1, 1, 1, 2, 3, 2, 2, 2, 2, 2, 1, 3, 1, 3, 1, 1, 2, 3, 2, 4, 3, 2, 1, 4, 2, 1, 1, 3, 1, 4, 1, 3, 1, 1, 3, 3, 3, 1, 3, 1, 2, 4, 2, 1, 4, 2, 1, 1, 1, 2, 2, 2, 3, 1, 3, 1, 2, 3, 1, 3, 2, 4, 2, 3, 2, 3, 3, 2, 2, 3, 2, 3, 1, 3, 1, 4, 2, 1, 1, 1, 2, 1, 2, 4, 3, 2, 3, 1, 2, 1, 2, 2, 4, 3, 3, 2, 2, 3, 1, 1, 3, 1, 2, 2, 2, 1, 4, 1, 1, 3, 1, 1, 3, 3, 2, 4, 3, 3, 4, 1, 2, 1, 1, 2, 2, 4, 2, 3, 4, 3, 1, 3, 1, 1, 2, 1, 1, 1, 1, 3, 4, 2, 1, 3, 1, 3, 1, 2, 3, 3, 2, 2, 3, 2, 1, 1, 1]",4,"[0.335, 0.29, 0.255, 0.12]"
Apod,"[1, 3, 1, 1, 3, 1, 1, 1, 4, 1, 1, 1, 1, 1, 1, 1, 3, 1, 2, 3, 3, 3, 3, 3, 3, 1, 1, 3, 3, 1, 1, 1, 3, 1, 1, 1, 1, 4, 1, 1, 3, 1, 1, 1, 3, 3, 1, 1, 1, 1, 1, 3, 1, 1, 1, 3, 1, 1, 3, 1, 3, 1, 1, 1, 1, 1, 1, 3, 1, 1, 2, 1, 1, 3, 1, 3, 1, 1, 3, 3, 1, 1, 1, 3, 1, 1, 4, 1, 1, 1, 1, 1, 4, 1, 1, 3, 1, 4, 1, 1, 1, 4, 1, 3, 1, 3, 1, 4, 2, 1, 1, 1, 4, 4, 1, 1, 1, 1, 2, 1, 3, 1, 1, 3, 1, 1, 1, 3, 1, 1, 1, 1, 1, 3, 1, 1, 4, 1, 3, 1, 3, 3, 3, 2, 3, 3, 1, 1, 3, 1, 1, 1, 3, 1, 1, 1, 1, 1, 1, 1, 1, 3, 1, 1, 1, 1, 3, 1, 1, 3, 3, 1, 1, 1, 1, 1, 1, 1, 3, 3, 1, 3, 1, 3, 1, 1, 1, 1, 1, 1, 1, 4, 1, 1, 3, 3, 1, 1, 3, 1]",4,"[0.665, 0.025, 0.255, 0.055]"
Ubl3,"[2, 1, 2, 3, 3, 2, 3, 3, 2, 3, 2, 1, 2, 2, 2, 2, 3, 2, 3, 2, 2, 3, 1, 3, 3, 2, 3, 3, 2, 2, 2, 3, 2, 4, 2, 2, 2, 3, 2, 1, 3, 1, 1, 4, 2, 3, 2, 3, 1, 2, 1, 3, 2, 2, 1, 2, 3, 1, 2, 2, 1, 2, 3, 3, 1, 3, 3, 2, 1, 2, 3, 2, 2, 2, 4, 2, 3, 1, 3, 2, 4, 3, 1, 2, 3, 2, 3, 3, 2, 1, 1, 1, 2, 2, 3, 2, 2, 2, 1, 2, 3, 2, 2, 2, 3, 2, 1, 1, 2, 3, 3, 1, 3, 2, 1, 1, 3, 1, 3, 2, 1, 2, 1, 2, 2, 3, 3, 2, 2, 1, 1, 2, 1, 2, 2, 2, 3, 2, 2, 2, 2, 2, 2, 2, 1, 2, 2, 1, 4, 2, 3, 2, 2, 1, 2, 4, 3, 2, 3, 2, 2, 2, 1, 1, 1, 2, 2, 3, 4, 2, 2, 2, 1, 2, 2, 1, 3, 2, 2, 2, 3, 2, 1, 3, 3, 2, 2, 1, 2, 2, 3, 3, 3, 2, 2, 2, 2, 1, 1, 2]",4,"[0.21, 0.495, 0.26, 0.035]"
Rab9,"[2, 2, 1, 3, 1, 1, 4, 2, 3, 4, 1, 3, 2, 3, 1, 3, 2, 3, 1, 2, 2, 2, 1, 3, 2, 1, 1, 2, 2, 2, 2, 4, 2, 2, 2, 2, 4, 2, 1, 2, 1, 4, 3, 1, 2, 4, 1, 2, 1, 2, 1, 1, 2, 2, 1, 3, 1, 1, 1, 2, 1, 2, 4, 4, 2, 3, 1, 2, 1, 1, 2, 2, 2, 3, 2, 1, 2, 2, 1, 2, 4, 4, 1, 1, 1, 2, 1, 4, 1, 2, 1, 1, 2, 1, 2, 1, 2, 4, 1, 2, 1, 2, 1, 1, 2, 2, 1, 2, 1, 2, 3, 2, 1, 1, 1, 1, 1, 4, 2, 2, 1, 2, 2, 1, 2, 1, 1, 2, 2, 2, 1, 2, 2, 2, 1, 2, 2, 1, 3, 2, 1, 1, 4, 1, 2, 4, 1, 1, 3, 1, 1, 2, 1, 1, 1, 3, 3, 1, 2, 2, 2, 3, 1, 1, 1, 4, 2, 2, 3, 2, 3, 1, 1, 2, 1, 1, 1, 1, 2, 1, 1, 1, 1, 3, 2, 2, 1, 2, 1, 1, 3, 2, 1, 2, 4, 2, 1, 2, 2, 1]",4,"[0.415, 0.395, 0.105, 0.085]"
Btf3,"[2, 4, 1, 5, 2, 1, 3, 2, 4, 4, 4, 4, 2, 3, 3, 1, 3, 6, 4, 4, 5, 3, 4, 5, 4, 1, 1, 3, 2, 4, 2, 1, 5, 3, 3, 2, 2, 3, 5, 1, 2, 3, 2, 4, 4, 3, 2, 4, 1, 3, 3, 3, 2, 2, 3, 1, 3, 1, 4, 2, 4, 2, 5, 5, 1, 4, 4, 4, 1, 4, 5, 1, 4, 5, 6, 4, 4, 1, 2, 1, 1, 4, 1, 2, 5, 2, 6, 5, 3, 2, 1, 1, 4, 2, 4, 4, 3, 5, 1, 4, 2, 4, 1, 2, 5, 5, 2, 5, 4, 5, 5, 2, 3, 3, 1, 4, 3, 2, 5, 3, 5, 1, 2, 5, 3, 4, 1, 4, 5, 2, 1, 5, 1, 5, 4, 3, 5, 5, 4, 2, 2, 4, 4, 3, 3, 3, 2, 2, 2, 3, 2, 4, 3, 1, 1, 5, 5, 3, 5, 5, 1, 4, 1, 1, 2, 2, 4, 3, 5, 4, 5, 2, 1, 3, 4, 2, 2, 3, 4, 3, 6, 3, 1, 4, 5, 4, 2, 4, 3, 3, 5, 4, 1, 4, 4, 3, 2, 2, 4, 1]",6,"[0.175, 0.205, 0.19, 0.245, 0.165, 0.02]"
Endod1,"[4, 2, 1, 1, 1, 1, 4, 4, 4, 4, 4, 3, 1, 1, 2, 1, 3, 1, 3, 1, 2, 2, 1, 4, 1, 1, 5, 2, 3, 2, 1, 5, 3, 1, 1, 3, 3, 4, 4, 4, 1, 1, 1, 4, 2, 1, 1, 3, 1, 1, 1, 2, 1, 3, 1, 3, 2, 1, 3, 3, 1, 2, 3, 2, 1, 1, 1, 2, 1, 3, 5, 1, 1, 5, 3, 3, 1, 1, 4, 2, 1, 5, 1, 1, 3, 2, 5, 4, 2, 1, 1, 1, 4, 2, 5, 1, 1, 3, 1, 3, 4, 4, 1, 1, 4, 4, 1, 2, 1, 1, 5, 2, 3, 3, 1, 2, 2, 2, 4, 3, 1, 1, 1, 2, 2, 4, 1, 1, 1, 1, 1, 1, 1, 1, 2, 1, 3, 2, 1, 3, 3, 3, 1, 3, 1, 2, 1, 1, 1, 2, 2, 1, 4, 1, 1, 2, 3, 1, 2, 1, 4, 3, 1, 1, 1, 1, 2, 5, 5, 3, 3, 1, 1, 2, 1, 1, 1, 2, 4, 3, 3, 2, 2, 3, 2, 1, 1, 1, 3, 2, 4, 2, 1, 3, 4, 5, 1, 1, 2, 1]",5,"[0.445, 0.195, 0.18, 0.125, 0.055]"
Aplp2,"[2, 2, 2, 3, 3, 1, 2, 5, 4, 5, 2, 5, 2, 2, 1, 1, 3, 3, 5, 1, 3, 3, 1, 3, 3, 2, 5, 2, 2, 2, 4, 3, 3, 2, 2, 3, 2, 1, 4, 3, 3, 4, 2, 4, 2, 1, 3, 4, 2, 2, 2, 5, 2, 3, 4, 2, 3, 3, 3, 2, 1, 3, 4, 5, 3, 4, 5, 1, 3, 4, 5, 1, 3, 1, 3, 2, 4, 2, 1, 2, 5, 4, 3, 2, 4, 1, 3, 3, 3, 2, 1, 1, 3, 3, 5, 2, 3, 2, 2, 5, 3, 3, 3, 3, 3, 2, 2, 1, 4, 3, 4, 2, 3, 2, 1, 3, 3, 3, 4, 2, 2, 1, 2, 1, 2, 5, 4, 3, 2, 2, 3, 2, 3, 2, 4, 3, 4, 4, 3, 2, 2, 2, 2, 3, 2, 2, 2, 1, 1, 3, 5, 2, 2, 1, 1, 5, 2, 2, 4, 1, 2, 3, 1, 2, 2, 2, 4, 4, 5, 3, 3, 1, 2, 2, 4, 1, 4, 3, 2, 2, 4, 2, 1, 3, 2, 2, 2, 3, 4, 2, 4, 3, 2, 2, 3, 4, 2, 1, 3, 4]",5,"[0.145, 0.345, 0.28, 0.15, 0.08]"
Prkcz,"[1, 1, 2, 2, 1, 1, 1, 4, 4, 3, 1, 1, 1, 1, 1, 1, 2, 1, 4, 1, 1, 1, 2, 2, 1, 1, 1, 3, 1, 1, 1, 2, 1, 2, 1, 1, 1, 4, 2, 2, 3, 1, 2, 3, 1, 1, 1, 1, 1, 2, 1, 2, 1, 1, 1, 2, 1, 1, 2, 3, 1, 2, 4, 2, 1, 1, 3, 1, 1, 3, 1, 1, 3, 2, 2, 1, 1, 1, 2, 1, 1, 2, 2, 1, 4, 3, 4, 3, 1, 1, 1, 1, 2, 2, 2, 1, 1, 1, 1, 2, 2, 1, 1, 2, 3, 2, 1, 1, 2, 2, 2, 2, 2, 1, 1, 3, 3, 1, 4, 1, 1, 1, 2, 2, 3, 2, 3, 2, 1, 1, 1, 3, 1, 2, 1, 2, 1, 1, 2, 2, 1, 1, 1, 2, 2, 1, 1, 1, 2, 2, 2, 2, 1, 1, 1, 3, 2, 2, 4, 2, 3, 1, 1, 1, 1, 2, 2, 1, 3, 1, 3, 3, 2, 1, 1, 1, 2, 1, 2, 2, 2, 2, 1, 1, 2, 1, 1, 1, 2, 2, 2, 1, 3, 1, 1, 4, 1, 1, 1, 1]",4,"[0.53, 0.31, 0.11, 0.05]"
Rps12,"[2, 4, 3, 2, 1, 1, 2, 2, 2, 3, 2, 2, 2, 2, 1, 1, 3, 5, 3, 2, 3, 3, 2, 1, 3, 3, 2, 3, 2, 2, 3, 2, 4, 2, 3, 2, 2, 3, 3, 3, 4, 1, 2, 3, 1, 1, 3, 3, 3, 4, 1, 2, 3, 2, 1, 3, 2, 1, 1, 3, 3, 2, 3, 4, 2, 3, 1, 3, 5, 3, 3, 3, 4, 1, 1, 4, 2, 1, 3, 3, 2, 4, 2, 4, 4, 3, 3, 2, 2, 2, 1, 1, 4, 2, 3, 1, 2, 1, 1, 3, 3, 3, 2, 1, 3, 4, 4, 3, 2, 4, 4, 2, 2, 3, 1, 2, 2, 1, 3, 3, 2, 1, 1, 3, 3, 1, 3, 2, 3, 2, 1, 2, 4, 4, 3, 3, 4, 2, 4, 1, 2, 1, 1, 3, 2, 2, 2, 2, 3, 4, 2, 2, 2, 1, 1, 5, 5, 2, 3, 3, 2, 2, 2, 1, 3, 3, 3, 3, 3, 2, 3, 1, 3, 2, 1, 4, 2, 2, 2, 1, 3, 2, 1, 3, 2, 3, 2, 2, 3, 2, 3, 2, 1, 4, 3, 1, 2, 2, 4, 1]",5,"[0.205, 0.34, 0.32, 0.115, 0.02]"
Stox2,"[2, 1, 1, 2, 2, 1, 4, 3, 2, 2, 1, 2, 1, 2, 1, 1, 1, 1, 3, 1, 1, 1, 2, 4, 3, 1, 2, 1, 2, 1, 2, 4, 3, 1, 3, 2, 2, 1, 2, 2, 2, 1, 1, 3, 1, 1, 2, 3, 1, 1, 2, 1, 1, 2, 1, 2, 2, 1, 1, 3, 2, 2, 3, 2, 1, 2, 4, 1, 1, 2, 1, 1, 2, 2, 3, 2, 1, 1, 1, 1, 2, 2, 2, 1, 3, 1, 2, 2, 1, 1, 2, 1, 3, 2, 2, 2, 1, 3, 1, 2, 2, 2, 2, 3, 3, 1, 2, 1, 2, 2, 2, 2, 2, 1, 1, 2, 2, 2, 2, 1, 2, 2, 2, 2, 2, 4, 2, 1, 2, 1, 1, 1, 2, 1, 2, 1, 4, 2, 1, 2, 1, 2, 3, 3, 1, 2, 2, 1, 1, 2, 2, 1, 2, 1, 2, 3, 2, 2, 3, 1, 2, 3, 1, 2, 1, 2, 2, 1, 3, 2, 2, 1, 1, 1, 2, 1, 1, 3, 1, 2, 3, 1, 2, 2, 2, 1, 2, 1, 2, 2, 3, 1, 3, 1, 1, 3, 2, 2, 1, 1]",4,"[0.4, 0.44, 0.13, 0.03]"
Ncam1,"[3, 2, 2, 4, 2, 2, 4, 3, 2, 3, 3, 3, 2, 2, 2, 2, 3, 4, 4, 2, 1, 3, 2, 3, 3, 1, 4, 2, 2, 2, 3, 2, 4, 3, 3, 2, 2, 2, 4, 3, 2, 2, 2, 4, 3, 1, 2, 4, 1, 2, 2, 4, 2, 2, 2, 2, 3, 3, 2, 3, 2, 4, 4, 2, 2, 2, 4, 1, 1, 3, 3, 1, 4, 2, 4, 2, 4, 2, 2, 2, 2, 4, 2, 1, 4, 2, 4, 3, 3, 2, 2, 2, 3, 3, 4, 2, 2, 2, 2, 3, 3, 2, 2, 2, 4, 3, 1, 2, 4, 4, 4, 1, 3, 2, 2, 3, 3, 3, 4, 3, 1, 2, 3, 2, 2, 4, 3, 3, 3, 2, 1, 3, 1, 3, 3, 2, 3, 4, 2, 3, 2, 2, 2, 2, 2, 2, 3, 2, 2, 4, 1, 2, 2, 2, 2, 2, 4, 2, 4, 3, 4, 2, 3, 3, 1, 3, 2, 3, 4, 2, 3, 2, 2, 1, 2, 1, 2, 4, 1, 2, 2, 1, 2, 2, 3, 2, 3, 2, 4, 2, 4, 2, 3, 2, 2, 4, 2, 1, 2, 2]",4,"[0.1, 0.47, 0.25, 0.18]"
Neo1,"[1, 2, 3, 2, 2, 3, 1, 1, 1, 2, 1, 1, 1, 2, 1, 2, 2, 1, 2, 1, 2, 1, 1, 4, 2, 1, 1, 2, 3, 3, 2, 1, 2, 1, 2, 1, 3, 2, 1, 1, 1, 1, 1, 2, 3, 4, 1, 2, 1, 2, 2, 3, 2, 2, 2, 2, 3, 3, 3, 1, 1, 1, 2, 1, 1, 3, 1, 2, 1, 3, 2, 1, 2, 2, 4, 2, 1, 1, 1, 1, 1, 1, 1, 1, 2, 2, 2, 3, 1, 1, 1, 1, 3, 1, 1, 3, 1, 1, 2, 1, 1, 4, 2, 2, 3, 2, 1, 1, 2, 3, 2, 1, 1, 1, 1, 2, 2, 1, 3, 1, 1, 2, 2, 2, 2, 2, 3, 2, 2, 1, 1, 1, 1, 2, 2, 2, 4, 2, 3, 1, 1, 1, 1, 3, 3, 1, 1, 1, 3, 2, 2, 1, 1, 1, 1, 2, 4, 3, 3, 2, 2, 1, 1, 1, 2, 1, 1, 1, 4, 1, 2, 1, 2, 1, 2, 1, 1, 1, 2, 2, 4, 1, 1, 2, 2, 1, 1, 1, 3, 2, 2, 2, 1, 1, 1, 4, 2, 1, 1, 1]",4,"[0.485, 0.34, 0.13, 0.045]"
Adipor2,"[2, 2, 1, 1, 1, 1, 1, 1, 4, 1, 3, 1, 1, 1, 1, 1, 1, 1, 4, 1, 4, 2, 1, 2, 2, 3, 2, 2, 1, 1, 2, 1, 1, 1, 1, 1, 1, 1, 1, 2, 2, 1, 1, 2, 2, 3, 1, 2, 1, 1, 2, 2, 1, 1, 1, 4, 2, 1, 1, 1, 2, 2, 2, 1, 1, 2, 1, 2, 1, 2, 2, 1, 2, 1, 2, 2, 1, 1, 2, 2, 1, 2, 1, 1, 2, 1, 3, 2, 1, 1, 1, 1, 2, 2, 2, 2, 1, 1, 1, 3, 1, 3, 1, 3, 2, 3, 1, 3, 1, 1, 3, 1, 1, 2, 1, 2, 2, 1, 2, 1, 3, 1, 2, 2, 2, 2, 1, 2, 2, 2, 1, 1, 1, 4, 1, 1, 3, 2, 2, 1, 1, 2, 1, 1, 2, 2, 1, 1, 1, 1, 2, 1, 1, 1, 1, 1, 4, 1, 1, 2, 1, 1, 1, 1, 1, 1, 2, 1, 2, 2, 3, 1, 1, 1, 1, 4, 1, 1, 1, 2, 2, 3, 1, 4, 2, 1, 1, 1, 3, 2, 2, 4, 1, 1, 2, 4, 1, 1, 1, 1]",4,"[0.56, 0.315, 0.075, 0.05]"
Ptprd,"[1, 3, 2, 3, 4, 1, 2, 2, 5, 5, 1, 1, 2, 2, 2, 2, 3, 1, 5, 4, 3, 4, 2, 5, 4, 3, 5, 3, 4, 1, 4, 4, 3, 1, 3, 1, 2, 3, 3, 3, 4, 2, 1, 1, 3, 4, 2, 3, 2, 3, 2, 4, 2, 3, 4, 3, 2, 3, 3, 2, 3, 2, 3, 5, 1, 3, 1, 2, 1, 1, 3, 1, 3, 3, 2, 4, 2, 1, 3, 2, 4, 2, 2, 1, 3, 1, 3, 4, 2, 1, 1, 1, 2, 2, 2, 4, 2, 3, 1, 3, 2, 5, 2, 2, 4, 3, 3, 4, 2, 2, 1, 2, 4, 3, 1, 3, 2, 2, 3, 1, 4, 1, 1, 3, 2, 4, 4, 2, 3, 1, 1, 3, 4, 4, 2, 3, 4, 2, 2, 2, 4, 2, 4, 2, 3, 4, 2, 1, 2, 2, 4, 1, 4, 2, 1, 5, 3, 1, 4, 1, 2, 3, 2, 1, 1, 2, 4, 2, 4, 3, 2, 2, 3, 2, 2, 1, 3, 1, 3, 3, 4, 3, 2, 2, 1, 1, 3, 1, 3, 2, 1, 4, 1, 4, 3, 5, 1, 2, 3, 1]",5,"[0.225, 0.3, 0.255, 0.175, 0.045]"
Lmbrd1,"[1, 2, 2, 2, 1, 1, 1, 3, 1, 4, 4, 2, 2, 3, 1, 1, 2, 3, 5, 2, 3, 2, 2, 2, 3, 2, 4, 3, 1, 1, 2, 4, 3, 2, 3, 3, 1, 3, 3, 3, 1, 1, 2, 5, 2, 1, 3, 2, 2, 3, 2, 3, 1, 3, 3, 2, 4, 1, 2, 2, 2, 2, 3, 3, 1, 2, 4, 3, 2, 4, 3, 1, 5, 3, 2, 1, 1, 2, 3, 1, 2, 4, 1, 1, 3, 1, 3, 4, 2, 1, 1, 1, 3, 4, 4, 1, 1, 4, 1, 3, 3, 2, 2, 2, 4, 2, 2, 2, 2, 2, 4, 2, 4, 2, 1, 2, 4, 1, 3, 4, 2, 1, 3, 3, 2, 2, 3, 3, 1, 2, 1, 3, 2, 3, 2, 2, 3, 2, 3, 2, 3, 2, 1, 2, 2, 2, 2, 1, 1, 3, 3, 2, 1, 2, 2, 1, 3, 3, 3, 2, 3, 1, 1, 2, 1, 2, 2, 3, 4, 2, 2, 1, 2, 1, 2, 1, 2, 3, 1, 2, 2, 2, 2, 2, 2, 2, 2, 1, 5, 2, 4, 1, 1, 2, 2, 3, 2, 1, 1, 1]",5,"[0.26, 0.39, 0.235, 0.095, 0.02]"
Tef,"[1, 1, 3, 3, 2, 3, 3, 3, 1, 3, 3, 3, 2, 1, 1, 3, 3, 2, 4, 1, 3, 2, 1, 1, 2, 1, 2, 2, 1, 1, 3, 2, 3, 2, 4, 2, 2, 2, 3, 4, 1, 2, 3, 2, 2, 3, 2, 4, 1, 3, 2, 4, 1, 3, 3, 1, 2, 1, 1, 3, 2, 2, 4, 2, 1, 2, 4, 3, 2, 2, 2, 1, 4, 1, 3, 3, 3, 3, 1, 1, 3, 2, 3, 1, 1, 2, 1, 4, 2, 3, 1, 1, 3, 4, 4, 1, 1, 2, 1, 3, 3, 3, 3, 3, 4, 1, 1, 1, 3, 4, 2, 1, 1, 1, 1, 3, 3, 1, 4, 1, 2, 1, 2, 2, 1, 4, 3, 2, 3, 1, 1, 4, 2, 2, 2, 4, 1, 3, 1, 4, 1, 1, 2, 3, 1, 2, 1, 1, 1, 4, 3, 1, 1, 2, 2, 4, 4, 1, 4, 2, 4, 3, 1, 1, 1, 3, 1, 1, 1, 1, 3, 1, 1, 2, 4, 1, 2, 1, 2, 1, 3, 2, 3, 2, 3, 3, 1, 2, 3, 3, 4, 1, 3, 4, 2, 2, 3, 3, 1, 1]",4,"[0.35, 0.25, 0.27, 0.13]"
